run_id,n_points,shape_type,convex_hull_vertices
1,10,sphere,9
2,10,sphere,9
3,10,sphere,10
4,10,sphere,9
5,10,sphere,9
6,10,sphere,10
7,10,sphere,10
8,10,sphere,9
9,10,sphere,10
10,10,sphere,9
11,10,sphere,9
12,10,sphere,9
13,10,sphere,8
14,10,sphere,10
15,10,sphere,10
16,10,sphere,10
17,10,sphere,9
18,10,sphere,9
19,10,sphere,9
20,10,sphere,10
21,10,sphere,8
22,10,sphere,10
23,10,sphere,10
24,10,sphere,10
25,10,sphere,9
26,10,sphere,9
27,10,sphere,8
28,10,sphere,10
29,10,sphere,9
30,10,sphere,9
31,10,sphere,10
32,10,sphere,10
33,10,sphere,9
34,10,sphere,10
35,10,sphere,9
36,10,sphere,8
37,10,sphere,8
38,10,sphere,10
39,10,sphere,10
40,10,sphere,9
41,10,sphere,10
42,10,sphere,8
43,10,sphere,9
44,10,sphere,9
45,10,sphere,9
46,10,sphere,10
47,10,sphere,9
48,10,sphere,9
49,10,sphere,10
50,10,sphere,10
51,10,sphere,10
52,10,sphere,9
53,10,sphere,10
54,10,sphere,9
55,10,sphere,10
56,10,sphere,9
57,10,sphere,9
58,10,sphere,9
59,10,sphere,8
60,10,sphere,10
61,10,sphere,10
62,10,sphere,9
63,10,sphere,8
64,10,sphere,10
65,10,sphere,8
66,10,sphere,10
67,10,sphere,10
68,10,sphere,10
69,10,sphere,9
70,10,sphere,10
71,10,sphere,9
72,10,sphere,9
73,10,sphere,9
74,10,sphere,10
75,10,sphere,9
76,10,sphere,9
77,10,sphere,10
78,10,sphere,8
79,10,sphere,10
80,10,sphere,9
81,10,sphere,9
82,10,sphere,10
83,10,sphere,9
84,10,sphere,9
85,10,sphere,10
86,10,sphere,10
87,10,sphere,10
88,10,sphere,8
89,10,sphere,10
90,10,sphere,10
91,10,sphere,9
92,10,sphere,10
93,10,sphere,8
94,10,sphere,9
95,10,sphere,9
96,10,sphere,9
97,10,sphere,9
98,10,sphere,8
99,10,sphere,10
100,10,sphere,10
101,16,sphere,14
102,16,sphere,15
103,16,sphere,11
104,16,sphere,12
105,16,sphere,12
106,16,sphere,15
107,16,sphere,14
108,16,sphere,15
109,16,sphere,12
110,16,sphere,13
111,16,sphere,14
112,16,sphere,14
113,16,sphere,12
114,16,sphere,13
115,16,sphere,15
116,16,sphere,15
117,16,sphere,13
118,16,sphere,14
119,16,sphere,13
120,16,sphere,15
121,16,sphere,14
122,16,sphere,13
123,16,sphere,15
124,16,sphere,15
125,16,sphere,14
126,16,sphere,15
127,16,sphere,15
128,16,sphere,14
129,16,sphere,11
130,16,sphere,14
131,16,sphere,14
132,16,sphere,12
133,16,sphere,11
134,16,sphere,14
135,16,sphere,12
136,16,sphere,13
137,16,sphere,14
138,16,sphere,12
139,16,sphere,15
140,16,sphere,15
141,16,sphere,15
142,16,sphere,15
143,16,sphere,15
144,16,sphere,14
145,16,sphere,15
146,16,sphere,15
147,16,sphere,16
148,16,sphere,15
149,16,sphere,13
150,16,sphere,15
151,16,sphere,16
152,16,sphere,14
153,16,sphere,14
154,16,sphere,14
155,16,sphere,12
156,16,sphere,11
157,16,sphere,14
158,16,sphere,15
159,16,sphere,13
160,16,sphere,14
161,16,sphere,14
162,16,sphere,15
163,16,sphere,12
164,16,sphere,13
165,16,sphere,12
166,16,sphere,14
167,16,sphere,14
168,16,sphere,16
169,16,sphere,15
170,16,sphere,14
171,16,sphere,14
172,16,sphere,15
173,16,sphere,12
174,16,sphere,14
175,16,sphere,14
176,16,sphere,13
177,16,sphere,12
178,16,sphere,12
179,16,sphere,12
180,16,sphere,13
181,16,sphere,11
182,16,sphere,13
183,16,sphere,11
184,16,sphere,16
185,16,sphere,13
186,16,sphere,15
187,16,sphere,14
188,16,sphere,13
189,16,sphere,13
190,16,sphere,13
191,16,sphere,13
192,16,sphere,13
193,16,sphere,15
194,16,sphere,14
195,16,sphere,14
196,16,sphere,14
197,16,sphere,15
198,16,sphere,16
199,16,sphere,13
200,16,sphere,13
201,26,sphere,21
202,26,sphere,18
203,26,sphere,20
204,26,sphere,18
205,26,sphere,20
206,26,sphere,20
207,26,sphere,18
208,26,sphere,20
209,26,sphere,19
210,26,sphere,18
211,26,sphere,16
212,26,sphere,21
213,26,sphere,21
214,26,sphere,17
215,26,sphere,22
216,26,sphere,23
217,26,sphere,21
218,26,sphere,23
219,26,sphere,16
220,26,sphere,18
221,26,sphere,23
222,26,sphere,20
223,26,sphere,20
224,26,sphere,20
225,26,sphere,20
226,26,sphere,21
227,26,sphere,17
228,26,sphere,20
229,26,sphere,21
230,26,sphere,18
231,26,sphere,20
232,26,sphere,22
233,26,sphere,21
234,26,sphere,20
235,26,sphere,21
236,26,sphere,19
237,26,sphere,20
238,26,sphere,20
239,26,sphere,20
240,26,sphere,19
241,26,sphere,21
242,26,sphere,23
243,26,sphere,23
244,26,sphere,21
245,26,sphere,21
246,26,sphere,22
247,26,sphere,19
248,26,sphere,20
249,26,sphere,19
250,26,sphere,21
251,26,sphere,16
252,26,sphere,20
253,26,sphere,20
254,26,sphere,19
255,26,sphere,19
256,26,sphere,22
257,26,sphere,22
258,26,sphere,18
259,26,sphere,23
260,26,sphere,23
261,26,sphere,20
262,26,sphere,21
263,26,sphere,20
264,26,sphere,17
265,26,sphere,22
266,26,sphere,18
267,26,sphere,19
268,26,sphere,19
269,26,sphere,23
270,26,sphere,23
271,26,sphere,19
272,26,sphere,20
273,26,sphere,21
274,26,sphere,19
275,26,sphere,20
276,26,sphere,21
277,26,sphere,22
278,26,sphere,16
279,26,sphere,21
280,26,sphere,20
281,26,sphere,20
282,26,sphere,22
283,26,sphere,20
284,26,sphere,22
285,26,sphere,18
286,26,sphere,22
287,26,sphere,17
288,26,sphere,20
289,26,sphere,21
290,26,sphere,22
291,26,sphere,22
292,26,sphere,20
293,26,sphere,20
294,26,sphere,20
295,26,sphere,22
296,26,sphere,17
297,26,sphere,21
298,26,sphere,21
299,26,sphere,19
300,26,sphere,25
301,43,sphere,29
302,43,sphere,34
303,43,sphere,26
304,43,sphere,28
305,43,sphere,27
306,43,sphere,30
307,43,sphere,28
308,43,sphere,28
309,43,sphere,28
310,43,sphere,34
311,43,sphere,32
312,43,sphere,24
313,43,sphere,29
314,43,sphere,32
315,43,sphere,28
316,43,sphere,30
317,43,sphere,29
318,43,sphere,27
319,43,sphere,29
320,43,sphere,29
321,43,sphere,25
322,43,sphere,25
323,43,sphere,28
324,43,sphere,27
325,43,sphere,28
326,43,sphere,25
327,43,sphere,32
328,43,sphere,29
329,43,sphere,25
330,43,sphere,28
331,43,sphere,30
332,43,sphere,28
333,43,sphere,30
334,43,sphere,29
335,43,sphere,30
336,43,sphere,30
337,43,sphere,32
338,43,sphere,27
339,43,sphere,33
340,43,sphere,31
341,43,sphere,27
342,43,sphere,28
343,43,sphere,25
344,43,sphere,27
345,43,sphere,30
346,43,sphere,25
347,43,sphere,26
348,43,sphere,25
349,43,sphere,27
350,43,sphere,26
351,43,sphere,29
352,43,sphere,28
353,43,sphere,27
354,43,sphere,26
355,43,sphere,28
356,43,sphere,31
357,43,sphere,28
358,43,sphere,28
359,43,sphere,29
360,43,sphere,28
361,43,sphere,31
362,43,sphere,31
363,43,sphere,28
364,43,sphere,27
365,43,sphere,29
366,43,sphere,26
367,43,sphere,29
368,43,sphere,31
369,43,sphere,27
370,43,sphere,29
371,43,sphere,33
372,43,sphere,32
373,43,sphere,31
374,43,sphere,28
375,43,sphere,27
376,43,sphere,29
377,43,sphere,30
378,43,sphere,28
379,43,sphere,29
380,43,sphere,33
381,43,sphere,27
382,43,sphere,28
383,43,sphere,31
384,43,sphere,32
385,43,sphere,33
386,43,sphere,31
387,43,sphere,26
388,43,sphere,29
389,43,sphere,31
390,43,sphere,25
391,43,sphere,31
392,43,sphere,30
393,43,sphere,31
394,43,sphere,27
395,43,sphere,27
396,43,sphere,30
397,43,sphere,29
398,43,sphere,30
399,43,sphere,26
400,43,sphere,31
401,70,sphere,42
402,70,sphere,39
403,70,sphere,45
404,70,sphere,41
405,70,sphere,40
406,70,sphere,41
407,70,sphere,40
408,70,sphere,41
409,70,sphere,44
410,70,sphere,44
411,70,sphere,39
412,70,sphere,40
413,70,sphere,42
414,70,sphere,44
415,70,sphere,37
416,70,sphere,35
417,70,sphere,35
418,70,sphere,45
419,70,sphere,36
420,70,sphere,42
421,70,sphere,31
422,70,sphere,39
423,70,sphere,36
424,70,sphere,38
425,70,sphere,41
426,70,sphere,47
427,70,sphere,37
428,70,sphere,40
429,70,sphere,34
430,70,sphere,40
431,70,sphere,38
432,70,sphere,38
433,70,sphere,40
434,70,sphere,39
435,70,sphere,43
436,70,sphere,41
437,70,sphere,38
438,70,sphere,33
439,70,sphere,43
440,70,sphere,40
441,70,sphere,37
442,70,sphere,40
443,70,sphere,41
444,70,sphere,46
445,70,sphere,38
446,70,sphere,41
447,70,sphere,39
448,70,sphere,43
449,70,sphere,40
450,70,sphere,41
451,70,sphere,33
452,70,sphere,38
453,70,sphere,42
454,70,sphere,39
455,70,sphere,45
456,70,sphere,38
457,70,sphere,40
458,70,sphere,40
459,70,sphere,38
460,70,sphere,41
461,70,sphere,41
462,70,sphere,46
463,70,sphere,38
464,70,sphere,47
465,70,sphere,39
466,70,sphere,37
467,70,sphere,39
468,70,sphere,38
469,70,sphere,43
470,70,sphere,39
471,70,sphere,39
472,70,sphere,40
473,70,sphere,47
474,70,sphere,43
475,70,sphere,41
476,70,sphere,33
477,70,sphere,42
478,70,sphere,36
479,70,sphere,42
480,70,sphere,36
481,70,sphere,37
482,70,sphere,37
483,70,sphere,41
484,70,sphere,47
485,70,sphere,37
486,70,sphere,36
487,70,sphere,42
488,70,sphere,38
489,70,sphere,35
490,70,sphere,38
491,70,sphere,42
492,70,sphere,45
493,70,sphere,43
494,70,sphere,42
495,70,sphere,42
496,70,sphere,33
497,70,sphere,38
498,70,sphere,40
499,70,sphere,41
500,70,sphere,39
501,113,sphere,57
502,113,sphere,51
503,113,sphere,54
504,113,sphere,52
505,113,sphere,49
506,113,sphere,55
507,113,sphere,51
508,113,sphere,56
509,113,sphere,50
510,113,sphere,56
511,113,sphere,54
512,113,sphere,53
513,113,sphere,57
514,113,sphere,54
515,113,sphere,57
516,113,sphere,59
517,113,sphere,57
518,113,sphere,55
519,113,sphere,54
520,113,sphere,52
521,113,sphere,59
522,113,sphere,48
523,113,sphere,45
524,113,sphere,49
525,113,sphere,58
526,113,sphere,51
527,113,sphere,56
528,113,sphere,60
529,113,sphere,54
530,113,sphere,61
531,113,sphere,52
532,113,sphere,62
533,113,sphere,50
534,113,sphere,60
535,113,sphere,52
536,113,sphere,50
537,113,sphere,55
538,113,sphere,55
539,113,sphere,58
540,113,sphere,56
541,113,sphere,48
542,113,sphere,51
543,113,sphere,61
544,113,sphere,53
545,113,sphere,55
546,113,sphere,52
547,113,sphere,59
548,113,sphere,54
549,113,sphere,55
550,113,sphere,47
551,113,sphere,53
552,113,sphere,50
553,113,sphere,60
554,113,sphere,48
555,113,sphere,54
556,113,sphere,54
557,113,sphere,59
558,113,sphere,58
559,113,sphere,54
560,113,sphere,51
561,113,sphere,60
562,113,sphere,55
563,113,sphere,61
564,113,sphere,55
565,113,sphere,57
566,113,sphere,50
567,113,sphere,53
568,113,sphere,61
569,113,sphere,56
570,113,sphere,56
571,113,sphere,54
572,113,sphere,54
573,113,sphere,42
574,113,sphere,55
575,113,sphere,57
576,113,sphere,56
577,113,sphere,60
578,113,sphere,54
579,113,sphere,56
580,113,sphere,54
581,113,sphere,57
582,113,sphere,56
583,113,sphere,56
584,113,sphere,58
585,113,sphere,55
586,113,sphere,58
587,113,sphere,46
588,113,sphere,58
589,113,sphere,54
590,113,sphere,46
591,113,sphere,56
592,113,sphere,52
593,113,sphere,53
594,113,sphere,58
595,113,sphere,50
596,113,sphere,60
597,113,sphere,67
598,113,sphere,54
599,113,sphere,44
600,113,sphere,56
601,183,sphere,75
602,183,sphere,65
603,183,sphere,77
604,183,sphere,74
605,183,sphere,70
606,183,sphere,75
607,183,sphere,76
608,183,sphere,74
609,183,sphere,69
610,183,sphere,69
611,183,sphere,77
612,183,sphere,69
613,183,sphere,76
614,183,sphere,74
615,183,sphere,71
616,183,sphere,68
617,183,sphere,70
618,183,sphere,75
619,183,sphere,70
620,183,sphere,68
621,183,sphere,72
622,183,sphere,74
623,183,sphere,84
624,183,sphere,73
625,183,sphere,67
626,183,sphere,72
627,183,sphere,74
628,183,sphere,71
629,183,sphere,73
630,183,sphere,72
631,183,sphere,68
632,183,sphere,77
633,183,sphere,67
634,183,sphere,78
635,183,sphere,79
636,183,sphere,70
637,183,sphere,72
638,183,sphere,68
639,183,sphere,70
640,183,sphere,77
641,183,sphere,74
642,183,sphere,72
643,183,sphere,63
644,183,sphere,64
645,183,sphere,72
646,183,sphere,69
647,183,sphere,72
648,183,sphere,75
649,183,sphere,73
650,183,sphere,79
651,183,sphere,67
652,183,sphere,66
653,183,sphere,66
654,183,sphere,69
655,183,sphere,74
656,183,sphere,81
657,183,sphere,69
658,183,sphere,77
659,183,sphere,77
660,183,sphere,83
661,183,sphere,65
662,183,sphere,67
663,183,sphere,75
664,183,sphere,70
665,183,sphere,69
666,183,sphere,77
667,183,sphere,70
668,183,sphere,73
669,183,sphere,75
670,183,sphere,80
671,183,sphere,81
672,183,sphere,67
673,183,sphere,83
674,183,sphere,71
675,183,sphere,84
676,183,sphere,75
677,183,sphere,79
678,183,sphere,77
679,183,sphere,77
680,183,sphere,75
681,183,sphere,78
682,183,sphere,76
683,183,sphere,76
684,183,sphere,85
685,183,sphere,76
686,183,sphere,84
687,183,sphere,73
688,183,sphere,78
689,183,sphere,74
690,183,sphere,73
691,183,sphere,68
692,183,sphere,76
693,183,sphere,74
694,183,sphere,65
695,183,sphere,70
696,183,sphere,77
697,183,sphere,82
698,183,sphere,70
699,183,sphere,85
700,183,sphere,76
701,298,sphere,91
702,298,sphere,96
703,298,sphere,104
704,298,sphere,97
705,298,sphere,97
706,298,sphere,93
707,298,sphere,106
708,298,sphere,95
709,298,sphere,97
710,298,sphere,94
711,298,sphere,95
712,298,sphere,100
713,298,sphere,101
714,298,sphere,95
715,298,sphere,97
716,298,sphere,98
717,298,sphere,97
718,298,sphere,101
719,298,sphere,104
720,298,sphere,93
721,298,sphere,93
722,298,sphere,101
723,298,sphere,93
724,298,sphere,86
725,298,sphere,99
726,298,sphere,102
727,298,sphere,94
728,298,sphere,93
729,298,sphere,103
730,298,sphere,103
731,298,sphere,106
732,298,sphere,94
733,298,sphere,105
734,298,sphere,100
735,298,sphere,95
736,298,sphere,100
737,298,sphere,104
738,298,sphere,102
739,298,sphere,95
740,298,sphere,103
741,298,sphere,102
742,298,sphere,103
743,298,sphere,87
744,298,sphere,91
745,298,sphere,99
746,298,sphere,98
747,298,sphere,102
748,298,sphere,97
749,298,sphere,87
750,298,sphere,92
751,298,sphere,90
752,298,sphere,96
753,298,sphere,91
754,298,sphere,100
755,298,sphere,103
756,298,sphere,108
757,298,sphere,108
758,298,sphere,93
759,298,sphere,103
760,298,sphere,100
761,298,sphere,100
762,298,sphere,94
763,298,sphere,100
764,298,sphere,95
765,298,sphere,86
766,298,sphere,100
767,298,sphere,100
768,298,sphere,99
769,298,sphere,97
770,298,sphere,98
771,298,sphere,104
772,298,sphere,93
773,298,sphere,102
774,298,sphere,92
775,298,sphere,99
776,298,sphere,93
777,298,sphere,99
778,298,sphere,103
779,298,sphere,92
780,298,sphere,103
781,298,sphere,100
782,298,sphere,98
783,298,sphere,101
784,298,sphere,94
785,298,sphere,102
786,298,sphere,98
787,298,sphere,99
788,298,sphere,101
789,298,sphere,103
790,298,sphere,100
791,298,sphere,98
792,298,sphere,105
793,298,sphere,86
794,298,sphere,117
795,298,sphere,93
796,298,sphere,93
797,298,sphere,96
798,298,sphere,99
799,298,sphere,102
800,298,sphere,105
801,483,sphere,127
802,483,sphere,133
803,483,sphere,132
804,483,sphere,128
805,483,sphere,140
806,483,sphere,135
807,483,sphere,122
808,483,sphere,132
809,483,sphere,128
810,483,sphere,130
811,483,sphere,139
812,483,sphere,130
813,483,sphere,125
814,483,sphere,144
815,483,sphere,137
816,483,sphere,138
817,483,sphere,129
818,483,sphere,129
819,483,sphere,123
820,483,sphere,129
821,483,sphere,132
822,483,sphere,131
823,483,sphere,132
824,483,sphere,132
825,483,sphere,137
826,483,sphere,125
827,483,sphere,130
828,483,sphere,136
829,483,sphere,133
830,483,sphere,131
831,483,sphere,130
832,483,sphere,126
833,483,sphere,128
834,483,sphere,138
835,483,sphere,134
836,483,sphere,125
837,483,sphere,128
838,483,sphere,126
839,483,sphere,133
840,483,sphere,122
841,483,sphere,139
842,483,sphere,126
843,483,sphere,130
844,483,sphere,130
845,483,sphere,127
846,483,sphere,129
847,483,sphere,128
848,483,sphere,134
849,483,sphere,134
850,483,sphere,123
851,483,sphere,135
852,483,sphere,133
853,483,sphere,121
854,483,sphere,127
855,483,sphere,124
856,483,sphere,138
857,483,sphere,120
858,483,sphere,126
859,483,sphere,129
860,483,sphere,127
861,483,sphere,140
862,483,sphere,127
863,483,sphere,137
864,483,sphere,117
865,483,sphere,126
866,483,sphere,136
867,483,sphere,132
868,483,sphere,128
869,483,sphere,126
870,483,sphere,142
871,483,sphere,142
872,483,sphere,137
873,483,sphere,125
874,483,sphere,137
875,483,sphere,136
876,483,sphere,130
877,483,sphere,115
878,483,sphere,135
879,483,sphere,120
880,483,sphere,133
881,483,sphere,126
882,483,sphere,124
883,483,sphere,124
884,483,sphere,149
885,483,sphere,131
886,483,sphere,122
887,483,sphere,132
888,483,sphere,123
889,483,sphere,136
890,483,sphere,130
891,483,sphere,133
892,483,sphere,137
893,483,sphere,125
894,483,sphere,119
895,483,sphere,143
896,483,sphere,121
897,483,sphere,130
898,483,sphere,136
899,483,sphere,134
900,483,sphere,129
901,785,sphere,176
902,785,sphere,164
903,785,sphere,164
904,785,sphere,169
905,785,sphere,175
906,785,sphere,163
907,785,sphere,174
908,785,sphere,163
909,785,sphere,172
910,785,sphere,176
911,785,sphere,172
912,785,sphere,167
913,785,sphere,171
914,785,sphere,156
915,785,sphere,178
916,785,sphere,168
917,785,sphere,165
918,785,sphere,168
919,785,sphere,164
920,785,sphere,167
921,785,sphere,179
922,785,sphere,163
923,785,sphere,169
924,785,sphere,170
925,785,sphere,157
926,785,sphere,166
927,785,sphere,166
928,785,sphere,174
929,785,sphere,169
930,785,sphere,184
931,785,sphere,157
932,785,sphere,169
933,785,sphere,182
934,785,sphere,164
935,785,sphere,173
936,785,sphere,169
937,785,sphere,162
938,785,sphere,164
939,785,sphere,181
940,785,sphere,188
941,785,sphere,168
942,785,sphere,168
943,785,sphere,174
944,785,sphere,174
945,785,sphere,169
946,785,sphere,179
947,785,sphere,172
948,785,sphere,172
949,785,sphere,169
950,785,sphere,161
951,785,sphere,185
952,785,sphere,171
953,785,sphere,166
954,785,sphere,159
955,785,sphere,147
956,785,sphere,177
957,785,sphere,171
958,785,sphere,163
959,785,sphere,162
960,785,sphere,170
961,785,sphere,168
962,785,sphere,154
963,785,sphere,178
964,785,sphere,162
965,785,sphere,179
966,785,sphere,173
967,785,sphere,178
968,785,sphere,172
969,785,sphere,173
970,785,sphere,163
971,785,sphere,164
972,785,sphere,155
973,785,sphere,165
974,785,sphere,176
975,785,sphere,171
976,785,sphere,165
977,785,sphere,184
978,785,sphere,154
979,785,sphere,173
980,785,sphere,166
981,785,sphere,157
982,785,sphere,176
983,785,sphere,171
984,785,sphere,171
985,785,sphere,184
986,785,sphere,157
987,785,sphere,155
988,785,sphere,173
989,785,sphere,171
990,785,sphere,172
991,785,sphere,166
992,785,sphere,173
993,785,sphere,173
994,785,sphere,179
995,785,sphere,164
996,785,sphere,182
997,785,sphere,157
998,785,sphere,183
999,785,sphere,173
1000,785,sphere,160
1001,1274,sphere,220
1002,1274,sphere,211
1003,1274,sphere,224
1004,1274,sphere,212
1005,1274,sphere,222
1006,1274,sphere,224
1007,1274,sphere,219
1008,1274,sphere,220
1009,1274,sphere,203
1010,1274,sphere,223
1011,1274,sphere,218
1012,1274,sphere,224
1013,1274,sphere,211
1014,1274,sphere,227
1015,1274,sphere,219
1016,1274,sphere,224
1017,1274,sphere,223
1018,1274,sphere,212
1019,1274,sphere,225
1020,1274,sphere,215
1021,1274,sphere,212
1022,1274,sphere,214
1023,1274,sphere,228
1024,1274,sphere,217
1025,1274,sphere,204
1026,1274,sphere,221
1027,1274,sphere,231
1028,1274,sphere,228
1029,1274,sphere,233
1030,1274,sphere,225
1031,1274,sphere,204
1032,1274,sphere,223
1033,1274,sphere,227
1034,1274,sphere,218
1035,1274,sphere,207
1036,1274,sphere,222
1037,1274,sphere,232
1038,1274,sphere,236
1039,1274,sphere,234
1040,1274,sphere,220
1041,1274,sphere,218
1042,1274,sphere,224
1043,1274,sphere,234
1044,1274,sphere,213
1045,1274,sphere,220
1046,1274,sphere,226
1047,1274,sphere,228
1048,1274,sphere,226
1049,1274,sphere,226
1050,1274,sphere,215
1051,1274,sphere,223
1052,1274,sphere,243
1053,1274,sphere,219
1054,1274,sphere,210
1055,1274,sphere,221
1056,1274,sphere,224
1057,1274,sphere,229
1058,1274,sphere,216
1059,1274,sphere,221
1060,1274,sphere,231
1061,1274,sphere,228
1062,1274,sphere,218
1063,1274,sphere,220
1064,1274,sphere,228
1065,1274,sphere,222
1066,1274,sphere,229
1067,1274,sphere,214
1068,1274,sphere,222
1069,1274,sphere,214
1070,1274,sphere,216
1071,1274,sphere,216
1072,1274,sphere,222
1073,1274,sphere,235
1074,1274,sphere,246
1075,1274,sphere,235
1076,1274,sphere,221
1077,1274,sphere,229
1078,1274,sphere,229
1079,1274,sphere,228
1080,1274,sphere,234
1081,1274,sphere,227
1082,1274,sphere,226
1083,1274,sphere,210
1084,1274,sphere,211
1085,1274,sphere,217
1086,1274,sphere,240
1087,1274,sphere,230
1088,1274,sphere,234
1089,1274,sphere,227
1090,1274,sphere,212
1091,1274,sphere,231
1092,1274,sphere,211
1093,1274,sphere,225
1094,1274,sphere,218
1095,1274,sphere,212
1096,1274,sphere,222
1097,1274,sphere,231
1098,1274,sphere,230
1099,1274,sphere,224
1100,1274,sphere,223
1101,2069,sphere,294
1102,2069,sphere,292
1103,2069,sphere,279
1104,2069,sphere,282
1105,2069,sphere,279
1106,2069,sphere,300
1107,2069,sphere,287
1108,2069,sphere,296
1109,2069,sphere,281
1110,2069,sphere,297
1111,2069,sphere,280
1112,2069,sphere,272
1113,2069,sphere,290
1114,2069,sphere,298
1115,2069,sphere,287
1116,2069,sphere,282
1117,2069,sphere,287
1118,2069,sphere,284
1119,2069,sphere,295
1120,2069,sphere,286
1121,2069,sphere,290
1122,2069,sphere,295
1123,2069,sphere,282
1124,2069,sphere,293
1125,2069,sphere,299
1126,2069,sphere,296
1127,2069,sphere,279
1128,2069,sphere,302
1129,2069,sphere,309
1130,2069,sphere,291
1131,2069,sphere,280
1132,2069,sphere,299
1133,2069,sphere,298
1134,2069,sphere,271
1135,2069,sphere,277
1136,2069,sphere,300
1137,2069,sphere,292
1138,2069,sphere,274
1139,2069,sphere,294
1140,2069,sphere,299
1141,2069,sphere,294
1142,2069,sphere,287
1143,2069,sphere,269
1144,2069,sphere,299
1145,2069,sphere,293
1146,2069,sphere,294
1147,2069,sphere,301
1148,2069,sphere,314
1149,2069,sphere,298
1150,2069,sphere,297
1151,2069,sphere,290
1152,2069,sphere,309
1153,2069,sphere,293
1154,2069,sphere,309
1155,2069,sphere,282
1156,2069,sphere,273
1157,2069,sphere,289
1158,2069,sphere,305
1159,2069,sphere,292
1160,2069,sphere,301
1161,2069,sphere,293
1162,2069,sphere,278
1163,2069,sphere,280
1164,2069,sphere,282
1165,2069,sphere,306
1166,2069,sphere,292
1167,2069,sphere,303
1168,2069,sphere,302
1169,2069,sphere,285
1170,2069,sphere,295
1171,2069,sphere,297
1172,2069,sphere,303
1173,2069,sphere,268
1174,2069,sphere,284
1175,2069,sphere,297
1176,2069,sphere,291
1177,2069,sphere,303
1178,2069,sphere,295
1179,2069,sphere,280
1180,2069,sphere,285
1181,2069,sphere,289
1182,2069,sphere,297
1183,2069,sphere,283
1184,2069,sphere,298
1185,2069,sphere,285
1186,2069,sphere,276
1187,2069,sphere,287
1188,2069,sphere,291
1189,2069,sphere,285
1190,2069,sphere,285
1191,2069,sphere,294
1192,2069,sphere,260
1193,2069,sphere,292
1194,2069,sphere,290
1195,2069,sphere,300
1196,2069,sphere,276
1197,2069,sphere,288
1198,2069,sphere,294
1199,2069,sphere,280
1200,2069,sphere,289
1201,3360,sphere,368
1202,3360,sphere,371
1203,3360,sphere,377
1204,3360,sphere,357
1205,3360,sphere,380
1206,3360,sphere,390
1207,3360,sphere,380
1208,3360,sphere,369
1209,3360,sphere,382
1210,3360,sphere,368
1211,3360,sphere,371
1212,3360,sphere,381
1213,3360,sphere,365
1214,3360,sphere,381
1215,3360,sphere,379
1216,3360,sphere,372
1217,3360,sphere,393
1218,3360,sphere,382
1219,3360,sphere,381
1220,3360,sphere,382
1221,3360,sphere,381
1222,3360,sphere,396
1223,3360,sphere,390
1224,3360,sphere,373
1225,3360,sphere,396
1226,3360,sphere,356
1227,3360,sphere,357
1228,3360,sphere,377
1229,3360,sphere,368
1230,3360,sphere,374
1231,3360,sphere,404
1232,3360,sphere,375
1233,3360,sphere,379
1234,3360,sphere,372
1235,3360,sphere,365
1236,3360,sphere,383
1237,3360,sphere,366
1238,3360,sphere,382
1239,3360,sphere,393
1240,3360,sphere,380
1241,3360,sphere,393
1242,3360,sphere,376
1243,3360,sphere,392
1244,3360,sphere,368
1245,3360,sphere,379
1246,3360,sphere,364
1247,3360,sphere,398
1248,3360,sphere,387
1249,3360,sphere,365
1250,3360,sphere,392
1251,3360,sphere,381
1252,3360,sphere,392
1253,3360,sphere,375
1254,3360,sphere,360
1255,3360,sphere,385
1256,3360,sphere,385
1257,3360,sphere,381
1258,3360,sphere,372
1259,3360,sphere,380
1260,3360,sphere,363
1261,3360,sphere,380
1262,3360,sphere,374
1263,3360,sphere,385
1264,3360,sphere,385
1265,3360,sphere,378
1266,3360,sphere,393
1267,3360,sphere,357
1268,3360,sphere,358
1269,3360,sphere,367
1270,3360,sphere,376
1271,3360,sphere,374
1272,3360,sphere,388
1273,3360,sphere,365
1274,3360,sphere,367
1275,3360,sphere,385
1276,3360,sphere,375
1277,3360,sphere,377
1278,3360,sphere,392
1279,3360,sphere,362
1280,3360,sphere,395
1281,3360,sphere,383
1282,3360,sphere,374
1283,3360,sphere,352
1284,3360,sphere,356
1285,3360,sphere,348
1286,3360,sphere,376
1287,3360,sphere,398
1288,3360,sphere,361
1289,3360,sphere,385
1290,3360,sphere,381
1291,3360,sphere,374
1292,3360,sphere,368
1293,3360,sphere,370
1294,3360,sphere,365
1295,3360,sphere,364
1296,3360,sphere,370
1297,3360,sphere,373
1298,3360,sphere,386
1299,3360,sphere,378
1300,3360,sphere,389
1301,5456,sphere,497
1302,5456,sphere,482
1303,5456,sphere,498
1304,5456,sphere,495
1305,5456,sphere,456
1306,5456,sphere,498
1307,5456,sphere,498
1308,5456,sphere,509
1309,5456,sphere,499
1310,5456,sphere,479
1311,5456,sphere,488
1312,5456,sphere,479
1313,5456,sphere,488
1314,5456,sphere,486
1315,5456,sphere,491
1316,5456,sphere,484
1317,5456,sphere,497
1318,5456,sphere,494
1319,5456,sphere,488
1320,5456,sphere,478
1321,5456,sphere,502
1322,5456,sphere,501
1323,5456,sphere,471
1324,5456,sphere,487
1325,5456,sphere,455
1326,5456,sphere,483
1327,5456,sphere,476
1328,5456,sphere,482
1329,5456,sphere,477
1330,5456,sphere,496
1331,5456,sphere,470
1332,5456,sphere,507
1333,5456,sphere,495
1334,5456,sphere,490
1335,5456,sphere,459
1336,5456,sphere,477
1337,5456,sphere,527
1338,5456,sphere,494
1339,5456,sphere,485
1340,5456,sphere,501
1341,5456,sphere,486
1342,5456,sphere,485
1343,5456,sphere,476
1344,5456,sphere,480
1345,5456,sphere,486
1346,5456,sphere,475
1347,5456,sphere,495
1348,5456,sphere,488
1349,5456,sphere,492
1350,5456,sphere,494
1351,5456,sphere,508
1352,5456,sphere,501
1353,5456,sphere,474
1354,5456,sphere,483
1355,5456,sphere,505
1356,5456,sphere,490
1357,5456,sphere,488
1358,5456,sphere,485
1359,5456,sphere,493
1360,5456,sphere,477
1361,5456,sphere,500
1362,5456,sphere,481
1363,5456,sphere,490
1364,5456,sphere,488
1365,5456,sphere,484
1366,5456,sphere,456
1367,5456,sphere,474
1368,5456,sphere,469
1369,5456,sphere,495
1370,5456,sphere,495
1371,5456,sphere,484
1372,5456,sphere,492
1373,5456,sphere,490
1374,5456,sphere,485
1375,5456,sphere,471
1376,5456,sphere,486
1377,5456,sphere,497
1378,5456,sphere,467
1379,5456,sphere,485
1380,5456,sphere,480
1381,5456,sphere,500
1382,5456,sphere,480
1383,5456,sphere,500
1384,5456,sphere,499
1385,5456,sphere,514
1386,5456,sphere,484
1387,5456,sphere,469
1388,5456,sphere,506
1389,5456,sphere,488
1390,5456,sphere,503
1391,5456,sphere,467
1392,5456,sphere,496
1393,5456,sphere,483
1394,5456,sphere,477
1395,5456,sphere,476
1396,5456,sphere,467
1397,5456,sphere,454
1398,5456,sphere,504
1399,5456,sphere,483
1400,5456,sphere,479
1401,8859,sphere,633
1402,8859,sphere,636
1403,8859,sphere,647
1404,8859,sphere,624
1405,8859,sphere,630
1406,8859,sphere,627
1407,8859,sphere,633
1408,8859,sphere,623
1409,8859,sphere,646
1410,8859,sphere,628
1411,8859,sphere,623
1412,8859,sphere,625
1413,8859,sphere,635
1414,8859,sphere,598
1415,8859,sphere,645
1416,8859,sphere,620
1417,8859,sphere,637
1418,8859,sphere,625
1419,8859,sphere,645
1420,8859,sphere,635
1421,8859,sphere,636
1422,8859,sphere,624
1423,8859,sphere,623
1424,8859,sphere,638
1425,8859,sphere,610
1426,8859,sphere,650
1427,8859,sphere,649
1428,8859,sphere,647
1429,8859,sphere,636
1430,8859,sphere,658
1431,8859,sphere,628
1432,8859,sphere,657
1433,8859,sphere,643
1434,8859,sphere,627
1435,8859,sphere,644
1436,8859,sphere,620
1437,8859,sphere,624
1438,8859,sphere,636
1439,8859,sphere,646
1440,8859,sphere,647
1441,8859,sphere,643
1442,8859,sphere,642
1443,8859,sphere,638
1444,8859,sphere,623
1445,8859,sphere,587
1446,8859,sphere,644
1447,8859,sphere,648
1448,8859,sphere,607
1449,8859,sphere,608
1450,8859,sphere,631
1451,8859,sphere,616
1452,8859,sphere,603
1453,8859,sphere,633
1454,8859,sphere,641
1455,8859,sphere,616
1456,8859,sphere,619
1457,8859,sphere,636
1458,8859,sphere,640
1459,8859,sphere,645
1460,8859,sphere,657
1461,8859,sphere,646
1462,8859,sphere,624
1463,8859,sphere,629
1464,8859,sphere,628
1465,8859,sphere,607
1466,8859,sphere,603
1467,8859,sphere,613
1468,8859,sphere,606
1469,8859,sphere,635
1470,8859,sphere,622
1471,8859,sphere,631
1472,8859,sphere,623
1473,8859,sphere,658
1474,8859,sphere,606
1475,8859,sphere,625
1476,8859,sphere,625
1477,8859,sphere,613
1478,8859,sphere,609
1479,8859,sphere,624
1480,8859,sphere,651
1481,8859,sphere,624
1482,8859,sphere,633
1483,8859,sphere,614
1484,8859,sphere,649
1485,8859,sphere,652
1486,8859,sphere,597
1487,8859,sphere,622
1488,8859,sphere,634
1489,8859,sphere,618
1490,8859,sphere,637
1491,8859,sphere,630
1492,8859,sphere,615
1493,8859,sphere,618
1494,8859,sphere,598
1495,8859,sphere,615
1496,8859,sphere,624
1497,8859,sphere,622
1498,8859,sphere,637
1499,8859,sphere,634
1500,8859,sphere,610
1501,14384,sphere,818
1502,14384,sphere,802
1503,14384,sphere,781
1504,14384,sphere,797
1505,14384,sphere,777
1506,14384,sphere,787
1507,14384,sphere,806
1508,14384,sphere,814
1509,14384,sphere,799
1510,14384,sphere,811
1511,14384,sphere,805
1512,14384,sphere,805
1513,14384,sphere,826
1514,14384,sphere,857
1515,14384,sphere,820
1516,14384,sphere,788
1517,14384,sphere,811
1518,14384,sphere,834
1519,14384,sphere,813
1520,14384,sphere,811
1521,14384,sphere,792
1522,14384,sphere,794
1523,14384,sphere,811
1524,14384,sphere,825
1525,14384,sphere,797
1526,14384,sphere,799
1527,14384,sphere,814
1528,14384,sphere,806
1529,14384,sphere,809
1530,14384,sphere,813
1531,14384,sphere,781
1532,14384,sphere,807
1533,14384,sphere,812
1534,14384,sphere,767
1535,14384,sphere,803
1536,14384,sphere,804
1537,14384,sphere,801
1538,14384,sphere,800
1539,14384,sphere,813
1540,14384,sphere,828
1541,14384,sphere,798
1542,14384,sphere,794
1543,14384,sphere,837
1544,14384,sphere,812
1545,14384,sphere,817
1546,14384,sphere,777
1547,14384,sphere,784
1548,14384,sphere,819
1549,14384,sphere,813
1550,14384,sphere,801
1551,14384,sphere,782
1552,14384,sphere,824
1553,14384,sphere,798
1554,14384,sphere,822
1555,14384,sphere,798
1556,14384,sphere,825
1557,14384,sphere,791
1558,14384,sphere,799
1559,14384,sphere,819
1560,14384,sphere,794
1561,14384,sphere,813
1562,14384,sphere,823
1563,14384,sphere,810
1564,14384,sphere,799
1565,14384,sphere,810
1566,14384,sphere,813
1567,14384,sphere,798
1568,14384,sphere,808
1569,14384,sphere,812
1570,14384,sphere,795
1571,14384,sphere,779
1572,14384,sphere,829
1573,14384,sphere,796
1574,14384,sphere,790
1575,14384,sphere,844
1576,14384,sphere,814
1577,14384,sphere,823
1578,14384,sphere,776
1579,14384,sphere,825
1580,14384,sphere,823
1581,14384,sphere,817
1582,14384,sphere,820
1583,14384,sphere,812
1584,14384,sphere,820
1585,14384,sphere,791
1586,14384,sphere,815
1587,14384,sphere,829
1588,14384,sphere,804
1589,14384,sphere,808
1590,14384,sphere,785
1591,14384,sphere,840
1592,14384,sphere,795
1593,14384,sphere,801
1594,14384,sphere,808
1595,14384,sphere,800
1596,14384,sphere,809
1597,14384,sphere,804
1598,14384,sphere,799
1599,14384,sphere,810
1600,14384,sphere,800
1601,23357,sphere,1046
1602,23357,sphere,1053
1603,23357,sphere,1040
1604,23357,sphere,1019
1605,23357,sphere,1028
1606,23357,sphere,1013
1607,23357,sphere,1012
1608,23357,sphere,1053
1609,23357,sphere,1054
1610,23357,sphere,1003
1611,23357,sphere,1011
1612,23357,sphere,1024
1613,23357,sphere,1006
1614,23357,sphere,1038
1615,23357,sphere,1027
1616,23357,sphere,1078
1617,23357,sphere,1007
1618,23357,sphere,1031
1619,23357,sphere,1055
1620,23357,sphere,1071
1621,23357,sphere,1062
1622,23357,sphere,1012
1623,23357,sphere,1040
1624,23357,sphere,1028
1625,23357,sphere,1042
1626,23357,sphere,1050
1627,23357,sphere,1035
1628,23357,sphere,1060
1629,23357,sphere,1009
1630,23357,sphere,1001
1631,23357,sphere,1043
1632,23357,sphere,1033
1633,23357,sphere,1035
1634,23357,sphere,1037
1635,23357,sphere,1027
1636,23357,sphere,1043
1637,23357,sphere,1091
1638,23357,sphere,1035
1639,23357,sphere,1043
1640,23357,sphere,1029
1641,23357,sphere,993
1642,23357,sphere,1001
1643,23357,sphere,1043
1644,23357,sphere,1026
1645,23357,sphere,1034
1646,23357,sphere,1026
1647,23357,sphere,1021
1648,23357,sphere,1044
1649,23357,sphere,1055
1650,23357,sphere,1057
1651,23357,sphere,1047
1652,23357,sphere,1065
1653,23357,sphere,1057
1654,23357,sphere,1043
1655,23357,sphere,1031
1656,23357,sphere,1026
1657,23357,sphere,1034
1658,23357,sphere,1022
1659,23357,sphere,1050
1660,23357,sphere,1030
1661,23357,sphere,1037
1662,23357,sphere,1019
1663,23357,sphere,1064
1664,23357,sphere,1031
1665,23357,sphere,1036
1666,23357,sphere,1041
1667,23357,sphere,1029
1668,23357,sphere,1057
1669,23357,sphere,1052
1670,23357,sphere,1034
1671,23357,sphere,1040
1672,23357,sphere,998
1673,23357,sphere,1056
1674,23357,sphere,993
1675,23357,sphere,1020
1676,23357,sphere,1027
1677,23357,sphere,1059
1678,23357,sphere,1044
1679,23357,sphere,1040
1680,23357,sphere,1048
1681,23357,sphere,1058
1682,23357,sphere,1027
1683,23357,sphere,1029
1684,23357,sphere,1036
1685,23357,sphere,1026
1686,23357,sphere,1047
1687,23357,sphere,1080
1688,23357,sphere,1024
1689,23357,sphere,1047
1690,23357,sphere,992
1691,23357,sphere,1051
1692,23357,sphere,1044
1693,23357,sphere,1049
1694,23357,sphere,1027
1695,23357,sphere,1030
1696,23357,sphere,1026
1697,23357,sphere,1045
1698,23357,sphere,1006
1699,23357,sphere,1023
1700,23357,sphere,1063
1701,37927,sphere,1383
1702,37927,sphere,1316
1703,37927,sphere,1313
1704,37927,sphere,1340
1705,37927,sphere,1282
1706,37927,sphere,1309
1707,37927,sphere,1354
1708,37927,sphere,1286
1709,37927,sphere,1363
1710,37927,sphere,1357
1711,37927,sphere,1345
1712,37927,sphere,1327
1713,37927,sphere,1351
1714,37927,sphere,1288
1715,37927,sphere,1332
1716,37927,sphere,1354
1717,37927,sphere,1300
1718,37927,sphere,1354
1719,37927,sphere,1328
1720,37927,sphere,1345
1721,37927,sphere,1339
1722,37927,sphere,1343
1723,37927,sphere,1287
1724,37927,sphere,1331
1725,37927,sphere,1361
1726,37927,sphere,1343
1727,37927,sphere,1334
1728,37927,sphere,1342
1729,37927,sphere,1311
1730,37927,sphere,1379
1731,37927,sphere,1307
1732,37927,sphere,1360
1733,37927,sphere,1387
1734,37927,sphere,1331
1735,37927,sphere,1320
1736,37927,sphere,1311
1737,37927,sphere,1313
1738,37927,sphere,1325
1739,37927,sphere,1363
1740,37927,sphere,1307
1741,37927,sphere,1346
1742,37927,sphere,1285
1743,37927,sphere,1334
1744,37927,sphere,1324
1745,37927,sphere,1308
1746,37927,sphere,1332
1747,37927,sphere,1311
1748,37927,sphere,1292
1749,37927,sphere,1307
1750,37927,sphere,1347
1751,37927,sphere,1324
1752,37927,sphere,1360
1753,37927,sphere,1347
1754,37927,sphere,1352
1755,37927,sphere,1362
1756,37927,sphere,1319
1757,37927,sphere,1338
1758,37927,sphere,1286
1759,37927,sphere,1336
1760,37927,sphere,1349
1761,37927,sphere,1335
1762,37927,sphere,1337
1763,37927,sphere,1301
1764,37927,sphere,1378
1765,37927,sphere,1296
1766,37927,sphere,1336
1767,37927,sphere,1319
1768,37927,sphere,1333
1769,37927,sphere,1364
1770,37927,sphere,1311
1771,37927,sphere,1320
1772,37927,sphere,1302
1773,37927,sphere,1331
1774,37927,sphere,1298
1775,37927,sphere,1345
1776,37927,sphere,1318
1777,37927,sphere,1317
1778,37927,sphere,1354
1779,37927,sphere,1361
1780,37927,sphere,1350
1781,37927,sphere,1332
1782,37927,sphere,1306
1783,37927,sphere,1329
1784,37927,sphere,1357
1785,37927,sphere,1302
1786,37927,sphere,1326
1787,37927,sphere,1294
1788,37927,sphere,1330
1789,37927,sphere,1315
1790,37927,sphere,1324
1791,37927,sphere,1325
1792,37927,sphere,1302
1793,37927,sphere,1319
1794,37927,sphere,1320
1795,37927,sphere,1281
1796,37927,sphere,1340
1797,37927,sphere,1355
1798,37927,sphere,1339
1799,37927,sphere,1316
1800,37927,sphere,1340
1801,61585,sphere,1695
1802,61585,sphere,1677
1803,61585,sphere,1687
1804,61585,sphere,1709
1805,61585,sphere,1710
1806,61585,sphere,1699
1807,61585,sphere,1707
1808,61585,sphere,1735
1809,61585,sphere,1726
1810,61585,sphere,1742
1811,61585,sphere,1693
1812,61585,sphere,1725
1813,61585,sphere,1678
1814,61585,sphere,1675
1815,61585,sphere,1738
1816,61585,sphere,1727
1817,61585,sphere,1656
1818,61585,sphere,1675
1819,61585,sphere,1724
1820,61585,sphere,1712
1821,61585,sphere,1723
1822,61585,sphere,1700
1823,61585,sphere,1680
1824,61585,sphere,1709
1825,61585,sphere,1716
1826,61585,sphere,1675
1827,61585,sphere,1726
1828,61585,sphere,1689
1829,61585,sphere,1731
1830,61585,sphere,1716
1831,61585,sphere,1692
1832,61585,sphere,1697
1833,61585,sphere,1710
1834,61585,sphere,1695
1835,61585,sphere,1763
1836,61585,sphere,1777
1837,61585,sphere,1643
1838,61585,sphere,1726
1839,61585,sphere,1684
1840,61585,sphere,1707
1841,61585,sphere,1680
1842,61585,sphere,1694
1843,61585,sphere,1706
1844,61585,sphere,1678
1845,61585,sphere,1687
1846,61585,sphere,1697
1847,61585,sphere,1719
1848,61585,sphere,1705
1849,61585,sphere,1712
1850,61585,sphere,1747
1851,61585,sphere,1686
1852,61585,sphere,1692
1853,61585,sphere,1740
1854,61585,sphere,1707
1855,61585,sphere,1690
1856,61585,sphere,1698
1857,61585,sphere,1691
1858,61585,sphere,1692
1859,61585,sphere,1722
1860,61585,sphere,1740
1861,61585,sphere,1684
1862,61585,sphere,1705
1863,61585,sphere,1706
1864,61585,sphere,1726
1865,61585,sphere,1717
1866,61585,sphere,1716
1867,61585,sphere,1691
1868,61585,sphere,1750
1869,61585,sphere,1683
1870,61585,sphere,1690
1871,61585,sphere,1664
1872,61585,sphere,1750
1873,61585,sphere,1701
1874,61585,sphere,1671
1875,61585,sphere,1685
1876,61585,sphere,1705
1877,61585,sphere,1744
1878,61585,sphere,1743
1879,61585,sphere,1713
1880,61585,sphere,1699
1881,61585,sphere,1733
1882,61585,sphere,1693
1883,61585,sphere,1686
1884,61585,sphere,1706
1885,61585,sphere,1718
1886,61585,sphere,1705
1887,61585,sphere,1727
1888,61585,sphere,1647
1889,61585,sphere,1687
1890,61585,sphere,1716
1891,61585,sphere,1720
1892,61585,sphere,1664
1893,61585,sphere,1713
1894,61585,sphere,1709
1895,61585,sphere,1706
1896,61585,sphere,1698
1897,61585,sphere,1717
1898,61585,sphere,1698
1899,61585,sphere,1708
1900,61585,sphere,1732
1901,100000,sphere,2147
1902,100000,sphere,2229
1903,100000,sphere,2212
1904,100000,sphere,2168
1905,100000,sphere,2218
1906,100000,sphere,2249
1907,100000,sphere,2217
1908,100000,sphere,2173
1909,100000,sphere,2155
1910,100000,sphere,2206
1911,100000,sphere,2207
1912,100000,sphere,2199
1913,100000,sphere,2186
1914,100000,sphere,2143
1915,100000,sphere,2194
1916,100000,sphere,2170
1917,100000,sphere,2222
1918,100000,sphere,2190
1919,100000,sphere,2208
1920,100000,sphere,2180
1921,100000,sphere,2157
1922,100000,sphere,2126
1923,100000,sphere,2180
1924,100000,sphere,2230
1925,100000,sphere,2202
1926,100000,sphere,2173
1927,100000,sphere,2177
1928,100000,sphere,2154
1929,100000,sphere,2199
1930,100000,sphere,2183
1931,100000,sphere,2147
1932,100000,sphere,2201
1933,100000,sphere,2204
1934,100000,sphere,2154
1935,100000,sphere,2149
1936,100000,sphere,2197
1937,100000,sphere,2176
1938,100000,sphere,2148
1939,100000,sphere,2183
1940,100000,sphere,2146
1941,100000,sphere,2188
1942,100000,sphere,2199
1943,100000,sphere,2160
1944,100000,sphere,2136
1945,100000,sphere,2173
1946,100000,sphere,2192
1947,100000,sphere,2169
1948,100000,sphere,2226
1949,100000,sphere,2174
1950,100000,sphere,2155
1951,100000,sphere,2181
1952,100000,sphere,2211
1953,100000,sphere,2188
1954,100000,sphere,2132
1955,100000,sphere,2182
1956,100000,sphere,2158
1957,100000,sphere,2157
1958,100000,sphere,2124
1959,100000,sphere,2182
1960,100000,sphere,2156
1961,100000,sphere,2192
1962,100000,sphere,2199
1963,100000,sphere,2199
1964,100000,sphere,2224
1965,100000,sphere,2143
1966,100000,sphere,2146
1967,100000,sphere,2150
1968,100000,sphere,2175
1969,100000,sphere,2192
1970,100000,sphere,2156
1971,100000,sphere,2224
1972,100000,sphere,2186
1973,100000,sphere,2164
1974,100000,sphere,2226
1975,100000,sphere,2198
1976,100000,sphere,2168
1977,100000,sphere,2211
1978,100000,sphere,2208
1979,100000,sphere,2162
1980,100000,sphere,2129
1981,100000,sphere,2172
1982,100000,sphere,2200
1983,100000,sphere,2171
1984,100000,sphere,2174
1985,100000,sphere,2206
1986,100000,sphere,2222
1987,100000,sphere,2149
1988,100000,sphere,2201
1989,100000,sphere,2205
1990,100000,sphere,2174
1991,100000,sphere,2229
1992,100000,sphere,2205
1993,100000,sphere,2201
1994,100000,sphere,2125
1995,100000,sphere,2211
1996,100000,sphere,2215
1997,100000,sphere,2189
1998,100000,sphere,2174
1999,100000,sphere,2179
2000,100000,sphere,2196
2001,10,cube,9
2002,10,cube,10
2003,10,cube,9
2004,10,cube,8
2005,10,cube,9
2006,10,cube,9
2007,10,cube,8
2008,10,cube,8
2009,10,cube,9
2010,10,cube,8
2011,10,cube,6
2012,10,cube,8
2013,10,cube,10
2014,10,cube,10
2015,10,cube,9
2016,10,cube,9
2017,10,cube,9
2018,10,cube,10
2019,10,cube,9
2020,10,cube,9
2021,10,cube,9
2022,10,cube,9
2023,10,cube,10
2024,10,cube,9
2025,10,cube,10
2026,10,cube,9
2027,10,cube,8
2028,10,cube,9
2029,10,cube,9
2030,10,cube,8
2031,10,cube,9
2032,10,cube,10
2033,10,cube,7
2034,10,cube,10
2035,10,cube,9
2036,10,cube,9
2037,10,cube,9
2038,10,cube,10
2039,10,cube,9
2040,10,cube,10
2041,10,cube,10
2042,10,cube,9
2043,10,cube,10
2044,10,cube,8
2045,10,cube,8
2046,10,cube,8
2047,10,cube,8
2048,10,cube,9
2049,10,cube,9
2050,10,cube,10
2051,10,cube,9
2052,10,cube,9
2053,10,cube,8
2054,10,cube,10
2055,10,cube,9
2056,10,cube,8
2057,10,cube,8
2058,10,cube,10
2059,10,cube,9
2060,10,cube,8
2061,10,cube,8
2062,10,cube,10
2063,10,cube,10
2064,10,cube,8
2065,10,cube,9
2066,10,cube,9
2067,10,cube,7
2068,10,cube,7
2069,10,cube,9
2070,10,cube,9
2071,10,cube,8
2072,10,cube,7
2073,10,cube,6
2074,10,cube,8
2075,10,cube,9
2076,10,cube,9
2077,10,cube,10
2078,10,cube,9
2079,10,cube,8
2080,10,cube,8
2081,10,cube,8
2082,10,cube,9
2083,10,cube,9
2084,10,cube,9
2085,10,cube,9
2086,10,cube,9
2087,10,cube,8
2088,10,cube,9
2089,10,cube,9
2090,10,cube,9
2091,10,cube,8
2092,10,cube,7
2093,10,cube,9
2094,10,cube,10
2095,10,cube,8
2096,10,cube,7
2097,10,cube,9
2098,10,cube,10
2099,10,cube,10
2100,10,cube,9
2101,16,cube,12
2102,16,cube,11
2103,16,cube,14
2104,16,cube,11
2105,16,cube,14
2106,16,cube,11
2107,16,cube,15
2108,16,cube,10
2109,16,cube,10
2110,16,cube,11
2111,16,cube,11
2112,16,cube,13
2113,16,cube,12
2114,16,cube,11
2115,16,cube,11
2116,16,cube,12
2117,16,cube,11
2118,16,cube,11
2119,16,cube,13
2120,16,cube,12
2121,16,cube,12
2122,16,cube,11
2123,16,cube,9
2124,16,cube,12
2125,16,cube,12
2126,16,cube,13
2127,16,cube,10
2128,16,cube,12
2129,16,cube,11
2130,16,cube,11
2131,16,cube,12
2132,16,cube,12
2133,16,cube,11
2134,16,cube,12
2135,16,cube,9
2136,16,cube,13
2137,16,cube,12
2138,16,cube,12
2139,16,cube,15
2140,16,cube,14
2141,16,cube,15
2142,16,cube,13
2143,16,cube,10
2144,16,cube,12
2145,16,cube,11
2146,16,cube,13
2147,16,cube,9
2148,16,cube,10
2149,16,cube,13
2150,16,cube,12
2151,16,cube,12
2152,16,cube,12
2153,16,cube,12
2154,16,cube,14
2155,16,cube,12
2156,16,cube,14
2157,16,cube,14
2158,16,cube,12
2159,16,cube,12
2160,16,cube,14
2161,16,cube,10
2162,16,cube,12
2163,16,cube,12
2164,16,cube,14
2165,16,cube,12
2166,16,cube,13
2167,16,cube,14
2168,16,cube,12
2169,16,cube,11
2170,16,cube,12
2171,16,cube,13
2172,16,cube,10
2173,16,cube,13
2174,16,cube,11
2175,16,cube,12
2176,16,cube,14
2177,16,cube,14
2178,16,cube,14
2179,16,cube,14
2180,16,cube,12
2181,16,cube,12
2182,16,cube,10
2183,16,cube,15
2184,16,cube,11
2185,16,cube,10
2186,16,cube,10
2187,16,cube,14
2188,16,cube,13
2189,16,cube,12
2190,16,cube,11
2191,16,cube,14
2192,16,cube,13
2193,16,cube,12
2194,16,cube,13
2195,16,cube,12
2196,16,cube,13
2197,16,cube,12
2198,16,cube,12
2199,16,cube,13
2200,16,cube,12
2201,26,cube,14
2202,26,cube,15
2203,26,cube,17
2204,26,cube,17
2205,26,cube,13
2206,26,cube,15
2207,26,cube,14
2208,26,cube,13
2209,26,cube,18
2210,26,cube,15
2211,26,cube,17
2212,26,cube,17
2213,26,cube,17
2214,26,cube,18
2215,26,cube,16
2216,26,cube,18
2217,26,cube,19
2218,26,cube,16
2219,26,cube,14
2220,26,cube,16
2221,26,cube,14
2222,26,cube,15
2223,26,cube,14
2224,26,cube,14
2225,26,cube,20
2226,26,cube,15
2227,26,cube,16
2228,26,cube,17
2229,26,cube,18
2230,26,cube,16
2231,26,cube,18
2232,26,cube,16
2233,26,cube,17
2234,26,cube,17
2235,26,cube,17
2236,26,cube,16
2237,26,cube,16
2238,26,cube,15
2239,26,cube,18
2240,26,cube,19
2241,26,cube,12
2242,26,cube,16
2243,26,cube,17
2244,26,cube,17
2245,26,cube,19
2246,26,cube,19
2247,26,cube,15
2248,26,cube,13
2249,26,cube,15
2250,26,cube,19
2251,26,cube,17
2252,26,cube,19
2253,26,cube,18
2254,26,cube,14
2255,26,cube,15
2256,26,cube,15
2257,26,cube,15
2258,26,cube,16
2259,26,cube,15
2260,26,cube,19
2261,26,cube,18
2262,26,cube,19
2263,26,cube,17
2264,26,cube,14
2265,26,cube,17
2266,26,cube,21
2267,26,cube,19
2268,26,cube,17
2269,26,cube,17
2270,26,cube,17
2271,26,cube,17
2272,26,cube,15
2273,26,cube,15
2274,26,cube,18
2275,26,cube,22
2276,26,cube,16
2277,26,cube,14
2278,26,cube,19
2279,26,cube,13
2280,26,cube,13
2281,26,cube,16
2282,26,cube,16
2283,26,cube,17
2284,26,cube,16
2285,26,cube,17
2286,26,cube,18
2287,26,cube,16
2288,26,cube,15
2289,26,cube,13
2290,26,cube,15
2291,26,cube,17
2292,26,cube,13
2293,26,cube,19
2294,26,cube,16
2295,26,cube,15
2296,26,cube,15
2297,26,cube,17
2298,26,cube,16
2299,26,cube,18
2300,26,cube,16
2301,43,cube,21
2302,43,cube,20
2303,43,cube,22
2304,43,cube,23
2305,43,cube,19
2306,43,cube,25
2307,43,cube,22
2308,43,cube,26
2309,43,cube,19
2310,43,cube,24
2311,43,cube,25
2312,43,cube,18
2313,43,cube,27
2314,43,cube,22
2315,43,cube,21
2316,43,cube,18
2317,43,cube,21
2318,43,cube,20
2319,43,cube,21
2320,43,cube,24
2321,43,cube,27
2322,43,cube,22
2323,43,cube,18
2324,43,cube,20
2325,43,cube,23
2326,43,cube,21
2327,43,cube,20
2328,43,cube,21
2329,43,cube,20
2330,43,cube,25
2331,43,cube,20
2332,43,cube,20
2333,43,cube,19
2334,43,cube,23
2335,43,cube,24
2336,43,cube,22
2337,43,cube,22
2338,43,cube,20
2339,43,cube,23
2340,43,cube,21
2341,43,cube,21
2342,43,cube,21
2343,43,cube,21
2344,43,cube,25
2345,43,cube,24
2346,43,cube,24
2347,43,cube,24
2348,43,cube,23
2349,43,cube,26
2350,43,cube,23
2351,43,cube,23
2352,43,cube,24
2353,43,cube,22
2354,43,cube,22
2355,43,cube,23
2356,43,cube,20
2357,43,cube,19
2358,43,cube,20
2359,43,cube,21
2360,43,cube,22
2361,43,cube,19
2362,43,cube,18
2363,43,cube,25
2364,43,cube,22
2365,43,cube,21
2366,43,cube,29
2367,43,cube,21
2368,43,cube,22
2369,43,cube,20
2370,43,cube,26
2371,43,cube,21
2372,43,cube,27
2373,43,cube,23
2374,43,cube,17
2375,43,cube,20
2376,43,cube,18
2377,43,cube,20
2378,43,cube,20
2379,43,cube,22
2380,43,cube,24
2381,43,cube,20
2382,43,cube,21
2383,43,cube,21
2384,43,cube,19
2385,43,cube,19
2386,43,cube,21
2387,43,cube,21
2388,43,cube,21
2389,43,cube,22
2390,43,cube,19
2391,43,cube,17
2392,43,cube,25
2393,43,cube,19
2394,43,cube,29
2395,43,cube,19
2396,43,cube,26
2397,43,cube,22
2398,43,cube,22
2399,43,cube,22
2400,43,cube,23
2401,70,cube,31
2402,70,cube,31
2403,70,cube,32
2404,70,cube,28
2405,70,cube,30
2406,70,cube,24
2407,70,cube,24
2408,70,cube,32
2409,70,cube,26
2410,70,cube,22
2411,70,cube,34
2412,70,cube,25
2413,70,cube,27
2414,70,cube,25
2415,70,cube,28
2416,70,cube,32
2417,70,cube,23
2418,70,cube,29
2419,70,cube,28
2420,70,cube,28
2421,70,cube,24
2422,70,cube,33
2423,70,cube,28
2424,70,cube,26
2425,70,cube,28
2426,70,cube,25
2427,70,cube,23
2428,70,cube,31
2429,70,cube,27
2430,70,cube,28
2431,70,cube,21
2432,70,cube,24
2433,70,cube,29
2434,70,cube,28
2435,70,cube,25
2436,70,cube,26
2437,70,cube,36
2438,70,cube,30
2439,70,cube,33
2440,70,cube,25
2441,70,cube,31
2442,70,cube,24
2443,70,cube,27
2444,70,cube,25
2445,70,cube,26
2446,70,cube,28
2447,70,cube,29
2448,70,cube,25
2449,70,cube,26
2450,70,cube,28
2451,70,cube,30
2452,70,cube,20
2453,70,cube,30
2454,70,cube,27
2455,70,cube,26
2456,70,cube,30
2457,70,cube,23
2458,70,cube,34
2459,70,cube,28
2460,70,cube,26
2461,70,cube,20
2462,70,cube,25
2463,70,cube,28
2464,70,cube,29
2465,70,cube,32
2466,70,cube,28
2467,70,cube,23
2468,70,cube,34
2469,70,cube,25
2470,70,cube,29
2471,70,cube,23
2472,70,cube,28
2473,70,cube,28
2474,70,cube,30
2475,70,cube,26
2476,70,cube,34
2477,70,cube,26
2478,70,cube,23
2479,70,cube,26
2480,70,cube,25
2481,70,cube,27
2482,70,cube,29
2483,70,cube,32
2484,70,cube,27
2485,70,cube,28
2486,70,cube,21
2487,70,cube,25
2488,70,cube,26
2489,70,cube,26
2490,70,cube,27
2491,70,cube,32
2492,70,cube,27
2493,70,cube,31
2494,70,cube,27
2495,70,cube,26
2496,70,cube,23
2497,70,cube,25
2498,70,cube,28
2499,70,cube,23
2500,70,cube,29
2501,113,cube,39
2502,113,cube,31
2503,113,cube,36
2504,113,cube,38
2505,113,cube,34
2506,113,cube,31
2507,113,cube,33
2508,113,cube,39
2509,113,cube,36
2510,113,cube,34
2511,113,cube,31
2512,113,cube,35
2513,113,cube,34
2514,113,cube,30
2515,113,cube,34
2516,113,cube,44
2517,113,cube,42
2518,113,cube,35
2519,113,cube,28
2520,113,cube,35
2521,113,cube,37
2522,113,cube,34
2523,113,cube,38
2524,113,cube,35
2525,113,cube,41
2526,113,cube,31
2527,113,cube,33
2528,113,cube,30
2529,113,cube,44
2530,113,cube,34
2531,113,cube,32
2532,113,cube,30
2533,113,cube,23
2534,113,cube,34
2535,113,cube,34
2536,113,cube,30
2537,113,cube,33
2538,113,cube,32
2539,113,cube,31
2540,113,cube,36
2541,113,cube,36
2542,113,cube,28
2543,113,cube,38
2544,113,cube,36
2545,113,cube,35
2546,113,cube,32
2547,113,cube,30
2548,113,cube,29
2549,113,cube,30
2550,113,cube,34
2551,113,cube,33
2552,113,cube,43
2553,113,cube,36
2554,113,cube,40
2555,113,cube,34
2556,113,cube,30
2557,113,cube,33
2558,113,cube,37
2559,113,cube,35
2560,113,cube,34
2561,113,cube,33
2562,113,cube,30
2563,113,cube,37
2564,113,cube,32
2565,113,cube,36
2566,113,cube,36
2567,113,cube,35
2568,113,cube,30
2569,113,cube,38
2570,113,cube,37
2571,113,cube,39
2572,113,cube,31
2573,113,cube,42
2574,113,cube,35
2575,113,cube,44
2576,113,cube,36
2577,113,cube,29
2578,113,cube,29
2579,113,cube,35
2580,113,cube,31
2581,113,cube,28
2582,113,cube,33
2583,113,cube,32
2584,113,cube,34
2585,113,cube,35
2586,113,cube,33
2587,113,cube,38
2588,113,cube,37
2589,113,cube,35
2590,113,cube,35
2591,113,cube,34
2592,113,cube,35
2593,113,cube,29
2594,113,cube,28
2595,113,cube,29
2596,113,cube,39
2597,113,cube,32
2598,113,cube,29
2599,113,cube,36
2600,113,cube,36
2601,183,cube,37
2602,183,cube,45
2603,183,cube,41
2604,183,cube,42
2605,183,cube,36
2606,183,cube,36
2607,183,cube,46
2608,183,cube,47
2609,183,cube,38
2610,183,cube,36
2611,183,cube,39
2612,183,cube,41
2613,183,cube,33
2614,183,cube,40
2615,183,cube,37
2616,183,cube,43
2617,183,cube,42
2618,183,cube,41
2619,183,cube,39
2620,183,cube,42
2621,183,cube,44
2622,183,cube,39
2623,183,cube,37
2624,183,cube,38
2625,183,cube,37
2626,183,cube,39
2627,183,cube,46
2628,183,cube,41
2629,183,cube,40
2630,183,cube,43
2631,183,cube,53
2632,183,cube,47
2633,183,cube,35
2634,183,cube,45
2635,183,cube,45
2636,183,cube,44
2637,183,cube,44
2638,183,cube,34
2639,183,cube,37
2640,183,cube,38
2641,183,cube,43
2642,183,cube,34
2643,183,cube,35
2644,183,cube,39
2645,183,cube,40
2646,183,cube,40
2647,183,cube,43
2648,183,cube,52
2649,183,cube,34
2650,183,cube,42
2651,183,cube,41
2652,183,cube,45
2653,183,cube,36
2654,183,cube,43
2655,183,cube,40
2656,183,cube,46
2657,183,cube,46
2658,183,cube,37
2659,183,cube,42
2660,183,cube,36
2661,183,cube,42
2662,183,cube,49
2663,183,cube,43
2664,183,cube,42
2665,183,cube,44
2666,183,cube,40
2667,183,cube,27
2668,183,cube,39
2669,183,cube,34
2670,183,cube,41
2671,183,cube,33
2672,183,cube,38
2673,183,cube,38
2674,183,cube,33
2675,183,cube,46
2676,183,cube,37
2677,183,cube,42
2678,183,cube,43
2679,183,cube,39
2680,183,cube,43
2681,183,cube,46
2682,183,cube,40
2683,183,cube,42
2684,183,cube,44
2685,183,cube,42
2686,183,cube,42
2687,183,cube,50
2688,183,cube,36
2689,183,cube,38
2690,183,cube,34
2691,183,cube,40
2692,183,cube,45
2693,183,cube,42
2694,183,cube,40
2695,183,cube,45
2696,183,cube,36
2697,183,cube,45
2698,183,cube,42
2699,183,cube,42
2700,183,cube,42
2701,298,cube,47
2702,298,cube,46
2703,298,cube,49
2704,298,cube,42
2705,298,cube,49
2706,298,cube,44
2707,298,cube,48
2708,298,cube,56
2709,298,cube,48
2710,298,cube,45
2711,298,cube,54
2712,298,cube,52
2713,298,cube,51
2714,298,cube,46
2715,298,cube,49
2716,298,cube,39
2717,298,cube,56
2718,298,cube,48
2719,298,cube,53
2720,298,cube,50
2721,298,cube,54
2722,298,cube,46
2723,298,cube,50
2724,298,cube,44
2725,298,cube,58
2726,298,cube,46
2727,298,cube,50
2728,298,cube,41
2729,298,cube,51
2730,298,cube,45
2731,298,cube,48
2732,298,cube,49
2733,298,cube,46
2734,298,cube,42
2735,298,cube,47
2736,298,cube,46
2737,298,cube,45
2738,298,cube,51
2739,298,cube,44
2740,298,cube,45
2741,298,cube,52
2742,298,cube,53
2743,298,cube,54
2744,298,cube,54
2745,298,cube,51
2746,298,cube,44
2747,298,cube,38
2748,298,cube,45
2749,298,cube,46
2750,298,cube,43
2751,298,cube,49
2752,298,cube,41
2753,298,cube,38
2754,298,cube,47
2755,298,cube,44
2756,298,cube,50
2757,298,cube,43
2758,298,cube,54
2759,298,cube,49
2760,298,cube,43
2761,298,cube,46
2762,298,cube,51
2763,298,cube,46
2764,298,cube,41
2765,298,cube,45
2766,298,cube,43
2767,298,cube,48
2768,298,cube,48
2769,298,cube,43
2770,298,cube,50
2771,298,cube,49
2772,298,cube,42
2773,298,cube,53
2774,298,cube,54
2775,298,cube,48
2776,298,cube,44
2777,298,cube,35
2778,298,cube,52
2779,298,cube,40
2780,298,cube,45
2781,298,cube,40
2782,298,cube,44
2783,298,cube,53
2784,298,cube,46
2785,298,cube,40
2786,298,cube,43
2787,298,cube,46
2788,298,cube,57
2789,298,cube,46
2790,298,cube,44
2791,298,cube,48
2792,298,cube,53
2793,298,cube,43
2794,298,cube,52
2795,298,cube,43
2796,298,cube,47
2797,298,cube,46
2798,298,cube,46
2799,298,cube,57
2800,298,cube,45
2801,483,cube,58
2802,483,cube,51
2803,483,cube,50
2804,483,cube,51
2805,483,cube,48
2806,483,cube,48
2807,483,cube,62
2808,483,cube,52
2809,483,cube,63
2810,483,cube,60
2811,483,cube,49
2812,483,cube,45
2813,483,cube,59
2814,483,cube,58
2815,483,cube,55
2816,483,cube,56
2817,483,cube,48
2818,483,cube,56
2819,483,cube,57
2820,483,cube,53
2821,483,cube,53
2822,483,cube,56
2823,483,cube,53
2824,483,cube,47
2825,483,cube,51
2826,483,cube,59
2827,483,cube,56
2828,483,cube,55
2829,483,cube,59
2830,483,cube,57
2831,483,cube,50
2832,483,cube,67
2833,483,cube,56
2834,483,cube,59
2835,483,cube,49
2836,483,cube,56
2837,483,cube,58
2838,483,cube,56
2839,483,cube,50
2840,483,cube,60
2841,483,cube,52
2842,483,cube,63
2843,483,cube,42
2844,483,cube,57
2845,483,cube,53
2846,483,cube,52
2847,483,cube,48
2848,483,cube,56
2849,483,cube,54
2850,483,cube,49
2851,483,cube,49
2852,483,cube,57
2853,483,cube,53
2854,483,cube,63
2855,483,cube,56
2856,483,cube,53
2857,483,cube,57
2858,483,cube,57
2859,483,cube,53
2860,483,cube,61
2861,483,cube,51
2862,483,cube,59
2863,483,cube,56
2864,483,cube,64
2865,483,cube,65
2866,483,cube,53
2867,483,cube,52
2868,483,cube,57
2869,483,cube,48
2870,483,cube,55
2871,483,cube,58
2872,483,cube,57
2873,483,cube,61
2874,483,cube,58
2875,483,cube,57
2876,483,cube,57
2877,483,cube,55
2878,483,cube,52
2879,483,cube,55
2880,483,cube,61
2881,483,cube,53
2882,483,cube,58
2883,483,cube,65
2884,483,cube,55
2885,483,cube,53
2886,483,cube,58
2887,483,cube,60
2888,483,cube,48
2889,483,cube,65
2890,483,cube,66
2891,483,cube,56
2892,483,cube,60
2893,483,cube,53
2894,483,cube,56
2895,483,cube,60
2896,483,cube,50
2897,483,cube,47
2898,483,cube,59
2899,483,cube,55
2900,483,cube,53
2901,785,cube,65
2902,785,cube,59
2903,785,cube,64
2904,785,cube,68
2905,785,cube,70
2906,785,cube,63
2907,785,cube,63
2908,785,cube,70
2909,785,cube,80
2910,785,cube,63
2911,785,cube,54
2912,785,cube,73
2913,785,cube,65
2914,785,cube,67
2915,785,cube,67
2916,785,cube,49
2917,785,cube,66
2918,785,cube,72
2919,785,cube,57
2920,785,cube,72
2921,785,cube,70
2922,785,cube,69
2923,785,cube,62
2924,785,cube,66
2925,785,cube,52
2926,785,cube,62
2927,785,cube,59
2928,785,cube,70
2929,785,cube,68
2930,785,cube,62
2931,785,cube,73
2932,785,cube,66
2933,785,cube,66
2934,785,cube,66
2935,785,cube,75
2936,785,cube,58
2937,785,cube,64
2938,785,cube,61
2939,785,cube,53
2940,785,cube,62
2941,785,cube,60
2942,785,cube,73
2943,785,cube,57
2944,785,cube,68
2945,785,cube,68
2946,785,cube,74
2947,785,cube,75
2948,785,cube,61
2949,785,cube,67
2950,785,cube,63
2951,785,cube,61
2952,785,cube,57
2953,785,cube,69
2954,785,cube,68
2955,785,cube,67
2956,785,cube,61
2957,785,cube,70
2958,785,cube,71
2959,785,cube,61
2960,785,cube,64
2961,785,cube,63
2962,785,cube,64
2963,785,cube,69
2964,785,cube,70
2965,785,cube,66
2966,785,cube,66
2967,785,cube,62
2968,785,cube,66
2969,785,cube,70
2970,785,cube,63
2971,785,cube,67
2972,785,cube,65
2973,785,cube,67
2974,785,cube,64
2975,785,cube,58
2976,785,cube,70
2977,785,cube,58
2978,785,cube,66
2979,785,cube,66
2980,785,cube,65
2981,785,cube,68
2982,785,cube,63
2983,785,cube,69
2984,785,cube,68
2985,785,cube,61
2986,785,cube,63
2987,785,cube,51
2988,785,cube,67
2989,785,cube,53
2990,785,cube,64
2991,785,cube,79
2992,785,cube,60
2993,785,cube,65
2994,785,cube,64
2995,785,cube,56
2996,785,cube,61
2997,785,cube,67
2998,785,cube,66
2999,785,cube,65
3000,785,cube,67
3001,1274,cube,68
3002,1274,cube,69
3003,1274,cube,83
3004,1274,cube,64
3005,1274,cube,73
3006,1274,cube,81
3007,1274,cube,78
3008,1274,cube,81
3009,1274,cube,80
3010,1274,cube,74
3011,1274,cube,72
3012,1274,cube,69
3013,1274,cube,76
3014,1274,cube,83
3015,1274,cube,71
3016,1274,cube,71
3017,1274,cube,67
3018,1274,cube,75
3019,1274,cube,75
3020,1274,cube,80
3021,1274,cube,80
3022,1274,cube,70
3023,1274,cube,76
3024,1274,cube,76
3025,1274,cube,81
3026,1274,cube,70
3027,1274,cube,81
3028,1274,cube,77
3029,1274,cube,80
3030,1274,cube,57
3031,1274,cube,83
3032,1274,cube,76
3033,1274,cube,80
3034,1274,cube,70
3035,1274,cube,72
3036,1274,cube,68
3037,1274,cube,81
3038,1274,cube,81
3039,1274,cube,85
3040,1274,cube,66
3041,1274,cube,70
3042,1274,cube,69
3043,1274,cube,74
3044,1274,cube,81
3045,1274,cube,67
3046,1274,cube,76
3047,1274,cube,72
3048,1274,cube,87
3049,1274,cube,80
3050,1274,cube,66
3051,1274,cube,80
3052,1274,cube,71
3053,1274,cube,75
3054,1274,cube,77
3055,1274,cube,76
3056,1274,cube,84
3057,1274,cube,66
3058,1274,cube,72
3059,1274,cube,69
3060,1274,cube,71
3061,1274,cube,82
3062,1274,cube,74
3063,1274,cube,67
3064,1274,cube,73
3065,1274,cube,69
3066,1274,cube,73
3067,1274,cube,75
3068,1274,cube,76
3069,1274,cube,73
3070,1274,cube,68
3071,1274,cube,72
3072,1274,cube,76
3073,1274,cube,71
3074,1274,cube,86
3075,1274,cube,66
3076,1274,cube,90
3077,1274,cube,77
3078,1274,cube,74
3079,1274,cube,84
3080,1274,cube,68
3081,1274,cube,68
3082,1274,cube,69
3083,1274,cube,75
3084,1274,cube,72
3085,1274,cube,64
3086,1274,cube,83
3087,1274,cube,71
3088,1274,cube,80
3089,1274,cube,78
3090,1274,cube,67
3091,1274,cube,71
3092,1274,cube,77
3093,1274,cube,79
3094,1274,cube,58
3095,1274,cube,72
3096,1274,cube,64
3097,1274,cube,87
3098,1274,cube,78
3099,1274,cube,72
3100,1274,cube,77
3101,2069,cube,91
3102,2069,cube,87
3103,2069,cube,83
3104,2069,cube,94
3105,2069,cube,82
3106,2069,cube,79
3107,2069,cube,80
3108,2069,cube,98
3109,2069,cube,93
3110,2069,cube,91
3111,2069,cube,89
3112,2069,cube,73
3113,2069,cube,90
3114,2069,cube,81
3115,2069,cube,72
3116,2069,cube,97
3117,2069,cube,90
3118,2069,cube,78
3119,2069,cube,91
3120,2069,cube,88
3121,2069,cube,83
3122,2069,cube,86
3123,2069,cube,88
3124,2069,cube,77
3125,2069,cube,80
3126,2069,cube,84
3127,2069,cube,86
3128,2069,cube,81
3129,2069,cube,84
3130,2069,cube,88
3131,2069,cube,84
3132,2069,cube,73
3133,2069,cube,88
3134,2069,cube,83
3135,2069,cube,89
3136,2069,cube,76
3137,2069,cube,88
3138,2069,cube,87
3139,2069,cube,79
3140,2069,cube,83
3141,2069,cube,72
3142,2069,cube,77
3143,2069,cube,66
3144,2069,cube,81
3145,2069,cube,80
3146,2069,cube,85
3147,2069,cube,82
3148,2069,cube,92
3149,2069,cube,94
3150,2069,cube,85
3151,2069,cube,87
3152,2069,cube,91
3153,2069,cube,78
3154,2069,cube,81
3155,2069,cube,85
3156,2069,cube,96
3157,2069,cube,82
3158,2069,cube,87
3159,2069,cube,91
3160,2069,cube,87
3161,2069,cube,102
3162,2069,cube,93
3163,2069,cube,74
3164,2069,cube,76
3165,2069,cube,84
3166,2069,cube,82
3167,2069,cube,95
3168,2069,cube,73
3169,2069,cube,93
3170,2069,cube,69
3171,2069,cube,102
3172,2069,cube,79
3173,2069,cube,73
3174,2069,cube,94
3175,2069,cube,88
3176,2069,cube,90
3177,2069,cube,85
3178,2069,cube,89
3179,2069,cube,81
3180,2069,cube,88
3181,2069,cube,89
3182,2069,cube,90
3183,2069,cube,83
3184,2069,cube,84
3185,2069,cube,92
3186,2069,cube,70
3187,2069,cube,100
3188,2069,cube,77
3189,2069,cube,76
3190,2069,cube,73
3191,2069,cube,82
3192,2069,cube,71
3193,2069,cube,76
3194,2069,cube,92
3195,2069,cube,80
3196,2069,cube,73
3197,2069,cube,79
3198,2069,cube,98
3199,2069,cube,78
3200,2069,cube,86
3201,3360,cube,87
3202,3360,cube,95
3203,3360,cube,79
3204,3360,cube,75
3205,3360,cube,119
3206,3360,cube,92
3207,3360,cube,99
3208,3360,cube,108
3209,3360,cube,79
3210,3360,cube,84
3211,3360,cube,104
3212,3360,cube,89
3213,3360,cube,97
3214,3360,cube,101
3215,3360,cube,83
3216,3360,cube,99
3217,3360,cube,93
3218,3360,cube,93
3219,3360,cube,83
3220,3360,cube,93
3221,3360,cube,86
3222,3360,cube,94
3223,3360,cube,110
3224,3360,cube,93
3225,3360,cube,103
3226,3360,cube,79
3227,3360,cube,90
3228,3360,cube,94
3229,3360,cube,92
3230,3360,cube,76
3231,3360,cube,104
3232,3360,cube,94
3233,3360,cube,104
3234,3360,cube,105
3235,3360,cube,98
3236,3360,cube,115
3237,3360,cube,91
3238,3360,cube,97
3239,3360,cube,100
3240,3360,cube,98
3241,3360,cube,113
3242,3360,cube,98
3243,3360,cube,97
3244,3360,cube,100
3245,3360,cube,106
3246,3360,cube,104
3247,3360,cube,84
3248,3360,cube,90
3249,3360,cube,96
3250,3360,cube,94
3251,3360,cube,109
3252,3360,cube,110
3253,3360,cube,99
3254,3360,cube,88
3255,3360,cube,111
3256,3360,cube,89
3257,3360,cube,94
3258,3360,cube,96
3259,3360,cube,106
3260,3360,cube,90
3261,3360,cube,84
3262,3360,cube,112
3263,3360,cube,88
3264,3360,cube,81
3265,3360,cube,105
3266,3360,cube,89
3267,3360,cube,106
3268,3360,cube,87
3269,3360,cube,112
3270,3360,cube,95
3271,3360,cube,100
3272,3360,cube,106
3273,3360,cube,97
3274,3360,cube,98
3275,3360,cube,82
3276,3360,cube,115
3277,3360,cube,103
3278,3360,cube,111
3279,3360,cube,109
3280,3360,cube,94
3281,3360,cube,91
3282,3360,cube,87
3283,3360,cube,92
3284,3360,cube,93
3285,3360,cube,105
3286,3360,cube,103
3287,3360,cube,92
3288,3360,cube,82
3289,3360,cube,85
3290,3360,cube,86
3291,3360,cube,102
3292,3360,cube,95
3293,3360,cube,92
3294,3360,cube,94
3295,3360,cube,96
3296,3360,cube,111
3297,3360,cube,94
3298,3360,cube,96
3299,3360,cube,101
3300,3360,cube,95
3301,5456,cube,100
3302,5456,cube,107
3303,5456,cube,114
3304,5456,cube,108
3305,5456,cube,119
3306,5456,cube,105
3307,5456,cube,101
3308,5456,cube,100
3309,5456,cube,108
3310,5456,cube,124
3311,5456,cube,89
3312,5456,cube,116
3313,5456,cube,110
3314,5456,cube,102
3315,5456,cube,134
3316,5456,cube,99
3317,5456,cube,114
3318,5456,cube,108
3319,5456,cube,107
3320,5456,cube,115
3321,5456,cube,124
3322,5456,cube,104
3323,5456,cube,106
3324,5456,cube,119
3325,5456,cube,95
3326,5456,cube,121
3327,5456,cube,118
3328,5456,cube,101
3329,5456,cube,97
3330,5456,cube,114
3331,5456,cube,109
3332,5456,cube,106
3333,5456,cube,112
3334,5456,cube,105
3335,5456,cube,105
3336,5456,cube,112
3337,5456,cube,118
3338,5456,cube,97
3339,5456,cube,107
3340,5456,cube,109
3341,5456,cube,102
3342,5456,cube,113
3343,5456,cube,101
3344,5456,cube,90
3345,5456,cube,105
3346,5456,cube,119
3347,5456,cube,128
3348,5456,cube,93
3349,5456,cube,114
3350,5456,cube,107
3351,5456,cube,105
3352,5456,cube,109
3353,5456,cube,104
3354,5456,cube,104
3355,5456,cube,114
3356,5456,cube,126
3357,5456,cube,102
3358,5456,cube,103
3359,5456,cube,113
3360,5456,cube,123
3361,5456,cube,110
3362,5456,cube,120
3363,5456,cube,98
3364,5456,cube,109
3365,5456,cube,115
3366,5456,cube,111
3367,5456,cube,117
3368,5456,cube,109
3369,5456,cube,105
3370,5456,cube,116
3371,5456,cube,119
3372,5456,cube,116
3373,5456,cube,97
3374,5456,cube,104
3375,5456,cube,99
3376,5456,cube,123
3377,5456,cube,118
3378,5456,cube,95
3379,5456,cube,117
3380,5456,cube,104
3381,5456,cube,107
3382,5456,cube,100
3383,5456,cube,99
3384,5456,cube,94
3385,5456,cube,110
3386,5456,cube,114
3387,5456,cube,111
3388,5456,cube,109
3389,5456,cube,105
3390,5456,cube,103
3391,5456,cube,110
3392,5456,cube,116
3393,5456,cube,104
3394,5456,cube,97
3395,5456,cube,105
3396,5456,cube,105
3397,5456,cube,110
3398,5456,cube,116
3399,5456,cube,118
3400,5456,cube,112
3401,8859,cube,124
3402,8859,cube,136
3403,8859,cube,124
3404,8859,cube,118
3405,8859,cube,129
3406,8859,cube,135
3407,8859,cube,130
3408,8859,cube,105
3409,8859,cube,122
3410,8859,cube,130
3411,8859,cube,127
3412,8859,cube,123
3413,8859,cube,100
3414,8859,cube,114
3415,8859,cube,113
3416,8859,cube,124
3417,8859,cube,99
3418,8859,cube,127
3419,8859,cube,111
3420,8859,cube,124
3421,8859,cube,129
3422,8859,cube,112
3423,8859,cube,109
3424,8859,cube,106
3425,8859,cube,115
3426,8859,cube,124
3427,8859,cube,121
3428,8859,cube,106
3429,8859,cube,111
3430,8859,cube,126
3431,8859,cube,122
3432,8859,cube,119
3433,8859,cube,133
3434,8859,cube,136
3435,8859,cube,114
3436,8859,cube,121
3437,8859,cube,123
3438,8859,cube,118
3439,8859,cube,124
3440,8859,cube,118
3441,8859,cube,128
3442,8859,cube,118
3443,8859,cube,107
3444,8859,cube,125
3445,8859,cube,125
3446,8859,cube,120
3447,8859,cube,113
3448,8859,cube,122
3449,8859,cube,108
3450,8859,cube,125
3451,8859,cube,111
3452,8859,cube,120
3453,8859,cube,106
3454,8859,cube,130
3455,8859,cube,121
3456,8859,cube,110
3457,8859,cube,140
3458,8859,cube,129
3459,8859,cube,130
3460,8859,cube,111
3461,8859,cube,122
3462,8859,cube,123
3463,8859,cube,123
3464,8859,cube,115
3465,8859,cube,133
3466,8859,cube,96
3467,8859,cube,132
3468,8859,cube,120
3469,8859,cube,114
3470,8859,cube,124
3471,8859,cube,112
3472,8859,cube,113
3473,8859,cube,138
3474,8859,cube,128
3475,8859,cube,130
3476,8859,cube,121
3477,8859,cube,115
3478,8859,cube,121
3479,8859,cube,113
3480,8859,cube,124
3481,8859,cube,140
3482,8859,cube,102
3483,8859,cube,134
3484,8859,cube,134
3485,8859,cube,105
3486,8859,cube,128
3487,8859,cube,126
3488,8859,cube,124
3489,8859,cube,120
3490,8859,cube,106
3491,8859,cube,119
3492,8859,cube,106
3493,8859,cube,116
3494,8859,cube,120
3495,8859,cube,106
3496,8859,cube,119
3497,8859,cube,147
3498,8859,cube,104
3499,8859,cube,112
3500,8859,cube,121
3501,14384,cube,130
3502,14384,cube,123
3503,14384,cube,147
3504,14384,cube,131
3505,14384,cube,130
3506,14384,cube,125
3507,14384,cube,154
3508,14384,cube,115
3509,14384,cube,163
3510,14384,cube,136
3511,14384,cube,128
3512,14384,cube,115
3513,14384,cube,132
3514,14384,cube,152
3515,14384,cube,146
3516,14384,cube,149
3517,14384,cube,129
3518,14384,cube,135
3519,14384,cube,104
3520,14384,cube,128
3521,14384,cube,151
3522,14384,cube,128
3523,14384,cube,156
3524,14384,cube,123
3525,14384,cube,128
3526,14384,cube,119
3527,14384,cube,139
3528,14384,cube,144
3529,14384,cube,136
3530,14384,cube,140
3531,14384,cube,131
3532,14384,cube,128
3533,14384,cube,127
3534,14384,cube,136
3535,14384,cube,124
3536,14384,cube,130
3537,14384,cube,145
3538,14384,cube,128
3539,14384,cube,122
3540,14384,cube,131
3541,14384,cube,114
3542,14384,cube,121
3543,14384,cube,147
3544,14384,cube,112
3545,14384,cube,143
3546,14384,cube,129
3547,14384,cube,150
3548,14384,cube,133
3549,14384,cube,121
3550,14384,cube,142
3551,14384,cube,132
3552,14384,cube,110
3553,14384,cube,142
3554,14384,cube,117
3555,14384,cube,140
3556,14384,cube,126
3557,14384,cube,150
3558,14384,cube,134
3559,14384,cube,143
3560,14384,cube,131
3561,14384,cube,126
3562,14384,cube,141
3563,14384,cube,140
3564,14384,cube,119
3565,14384,cube,143
3566,14384,cube,131
3567,14384,cube,131
3568,14384,cube,137
3569,14384,cube,142
3570,14384,cube,138
3571,14384,cube,123
3572,14384,cube,134
3573,14384,cube,124
3574,14384,cube,149
3575,14384,cube,130
3576,14384,cube,163
3577,14384,cube,139
3578,14384,cube,139
3579,14384,cube,134
3580,14384,cube,127
3581,14384,cube,123
3582,14384,cube,135
3583,14384,cube,127
3584,14384,cube,137
3585,14384,cube,135
3586,14384,cube,150
3587,14384,cube,142
3588,14384,cube,143
3589,14384,cube,141
3590,14384,cube,153
3591,14384,cube,132
3592,14384,cube,145
3593,14384,cube,128
3594,14384,cube,151
3595,14384,cube,136
3596,14384,cube,127
3597,14384,cube,135
3598,14384,cube,110
3599,14384,cube,128
3600,14384,cube,124
3601,23357,cube,137
3602,23357,cube,129
3603,23357,cube,163
3604,23357,cube,159
3605,23357,cube,158
3606,23357,cube,140
3607,23357,cube,151
3608,23357,cube,156
3609,23357,cube,144
3610,23357,cube,137
3611,23357,cube,162
3612,23357,cube,147
3613,23357,cube,169
3614,23357,cube,167
3615,23357,cube,145
3616,23357,cube,135
3617,23357,cube,148
3618,23357,cube,152
3619,23357,cube,139
3620,23357,cube,148
3621,23357,cube,135
3622,23357,cube,168
3623,23357,cube,150
3624,23357,cube,169
3625,23357,cube,137
3626,23357,cube,148
3627,23357,cube,143
3628,23357,cube,162
3629,23357,cube,166
3630,23357,cube,160
3631,23357,cube,140
3632,23357,cube,157
3633,23357,cube,148
3634,23357,cube,150
3635,23357,cube,133
3636,23357,cube,155
3637,23357,cube,153
3638,23357,cube,138
3639,23357,cube,138
3640,23357,cube,142
3641,23357,cube,157
3642,23357,cube,154
3643,23357,cube,128
3644,23357,cube,132
3645,23357,cube,148
3646,23357,cube,143
3647,23357,cube,163
3648,23357,cube,137
3649,23357,cube,154
3650,23357,cube,161
3651,23357,cube,135
3652,23357,cube,140
3653,23357,cube,136
3654,23357,cube,158
3655,23357,cube,149
3656,23357,cube,147
3657,23357,cube,146
3658,23357,cube,129
3659,23357,cube,136
3660,23357,cube,132
3661,23357,cube,139
3662,23357,cube,143
3663,23357,cube,139
3664,23357,cube,126
3665,23357,cube,150
3666,23357,cube,153
3667,23357,cube,151
3668,23357,cube,149
3669,23357,cube,158
3670,23357,cube,147
3671,23357,cube,153
3672,23357,cube,156
3673,23357,cube,140
3674,23357,cube,164
3675,23357,cube,135
3676,23357,cube,142
3677,23357,cube,161
3678,23357,cube,143
3679,23357,cube,141
3680,23357,cube,146
3681,23357,cube,153
3682,23357,cube,163
3683,23357,cube,145
3684,23357,cube,140
3685,23357,cube,172
3686,23357,cube,155
3687,23357,cube,141
3688,23357,cube,149
3689,23357,cube,151
3690,23357,cube,156
3691,23357,cube,155
3692,23357,cube,136
3693,23357,cube,160
3694,23357,cube,148
3695,23357,cube,129
3696,23357,cube,138
3697,23357,cube,155
3698,23357,cube,136
3699,23357,cube,148
3700,23357,cube,144
3701,37927,cube,168
3702,37927,cube,163
3703,37927,cube,151
3704,37927,cube,140
3705,37927,cube,153
3706,37927,cube,164
3707,37927,cube,183
3708,37927,cube,159
3709,37927,cube,178
3710,37927,cube,154
3711,37927,cube,152
3712,37927,cube,183
3713,37927,cube,164
3714,37927,cube,169
3715,37927,cube,158
3716,37927,cube,158
3717,37927,cube,160
3718,37927,cube,149
3719,37927,cube,152
3720,37927,cube,169
3721,37927,cube,160
3722,37927,cube,177
3723,37927,cube,174
3724,37927,cube,170
3725,37927,cube,155
3726,37927,cube,161
3727,37927,cube,158
3728,37927,cube,169
3729,37927,cube,133
3730,37927,cube,150
3731,37927,cube,183
3732,37927,cube,166
3733,37927,cube,142
3734,37927,cube,153
3735,37927,cube,149
3736,37927,cube,157
3737,37927,cube,165
3738,37927,cube,171
3739,37927,cube,176
3740,37927,cube,154
3741,37927,cube,152
3742,37927,cube,184
3743,37927,cube,175
3744,37927,cube,161
3745,37927,cube,173
3746,37927,cube,155
3747,37927,cube,159
3748,37927,cube,192
3749,37927,cube,164
3750,37927,cube,169
3751,37927,cube,176
3752,37927,cube,157
3753,37927,cube,172
3754,37927,cube,155
3755,37927,cube,170
3756,37927,cube,169
3757,37927,cube,147
3758,37927,cube,137
3759,37927,cube,161
3760,37927,cube,182
3761,37927,cube,159
3762,37927,cube,149
3763,37927,cube,180
3764,37927,cube,184
3765,37927,cube,175
3766,37927,cube,167
3767,37927,cube,159
3768,37927,cube,168
3769,37927,cube,167
3770,37927,cube,169
3771,37927,cube,155
3772,37927,cube,181
3773,37927,cube,161
3774,37927,cube,157
3775,37927,cube,184
3776,37927,cube,157
3777,37927,cube,184
3778,37927,cube,163
3779,37927,cube,146
3780,37927,cube,173
3781,37927,cube,163
3782,37927,cube,180
3783,37927,cube,176
3784,37927,cube,164
3785,37927,cube,165
3786,37927,cube,147
3787,37927,cube,178
3788,37927,cube,163
3789,37927,cube,158
3790,37927,cube,169
3791,37927,cube,187
3792,37927,cube,180
3793,37927,cube,152
3794,37927,cube,153
3795,37927,cube,177
3796,37927,cube,174
3797,37927,cube,170
3798,37927,cube,167
3799,37927,cube,183
3800,37927,cube,144
3801,61585,cube,171
3802,61585,cube,192
3803,61585,cube,180
3804,61585,cube,176
3805,61585,cube,168
3806,61585,cube,160
3807,61585,cube,169
3808,61585,cube,169
3809,61585,cube,164
3810,61585,cube,194
3811,61585,cube,174
3812,61585,cube,154
3813,61585,cube,188
3814,61585,cube,171
3815,61585,cube,192
3816,61585,cube,157
3817,61585,cube,185
3818,61585,cube,146
3819,61585,cube,190
3820,61585,cube,174
3821,61585,cube,173
3822,61585,cube,179
3823,61585,cube,161
3824,61585,cube,199
3825,61585,cube,182
3826,61585,cube,184
3827,61585,cube,160
3828,61585,cube,199
3829,61585,cube,162
3830,61585,cube,183
3831,61585,cube,151
3832,61585,cube,181
3833,61585,cube,188
3834,61585,cube,196
3835,61585,cube,203
3836,61585,cube,185
3837,61585,cube,173
3838,61585,cube,179
3839,61585,cube,178
3840,61585,cube,200
3841,61585,cube,205
3842,61585,cube,163
3843,61585,cube,162
3844,61585,cube,170
3845,61585,cube,164
3846,61585,cube,206
3847,61585,cube,184
3848,61585,cube,171
3849,61585,cube,179
3850,61585,cube,175
3851,61585,cube,142
3852,61585,cube,192
3853,61585,cube,170
3854,61585,cube,176
3855,61585,cube,158
3856,61585,cube,193
3857,61585,cube,171
3858,61585,cube,182
3859,61585,cube,175
3860,61585,cube,166
3861,61585,cube,211
3862,61585,cube,184
3863,61585,cube,195
3864,61585,cube,163
3865,61585,cube,159
3866,61585,cube,201
3867,61585,cube,164
3868,61585,cube,177
3869,61585,cube,176
3870,61585,cube,167
3871,61585,cube,173
3872,61585,cube,172
3873,61585,cube,165
3874,61585,cube,168
3875,61585,cube,181
3876,61585,cube,174
3877,61585,cube,162
3878,61585,cube,189
3879,61585,cube,182
3880,61585,cube,163
3881,61585,cube,183
3882,61585,cube,177
3883,61585,cube,173
3884,61585,cube,166
3885,61585,cube,192
3886,61585,cube,185
3887,61585,cube,179
3888,61585,cube,175
3889,61585,cube,205
3890,61585,cube,191
3891,61585,cube,189
3892,61585,cube,175
3893,61585,cube,154
3894,61585,cube,157
3895,61585,cube,180
3896,61585,cube,176
3897,61585,cube,201
3898,61585,cube,181
3899,61585,cube,163
3900,61585,cube,166
3901,100000,cube,199
3902,100000,cube,175
3903,100000,cube,196
3904,100000,cube,182
3905,100000,cube,210
3906,100000,cube,202
3907,100000,cube,194
3908,100000,cube,221
3909,100000,cube,185
3910,100000,cube,184
3911,100000,cube,185
3912,100000,cube,197
3913,100000,cube,197
3914,100000,cube,206
3915,100000,cube,204
3916,100000,cube,190
3917,100000,cube,206
3918,100000,cube,204
3919,100000,cube,195
3920,100000,cube,182
3921,100000,cube,198
3922,100000,cube,190
3923,100000,cube,173
3924,100000,cube,161
3925,100000,cube,197
3926,100000,cube,205
3927,100000,cube,183
3928,100000,cube,205
3929,100000,cube,210
3930,100000,cube,212
3931,100000,cube,182
3932,100000,cube,201
3933,100000,cube,179
3934,100000,cube,207
3935,100000,cube,181
3936,100000,cube,203
3937,100000,cube,184
3938,100000,cube,183
3939,100000,cube,186
3940,100000,cube,206
3941,100000,cube,190
3942,100000,cube,186
3943,100000,cube,202
3944,100000,cube,228
3945,100000,cube,189
3946,100000,cube,195
3947,100000,cube,180
3948,100000,cube,186
3949,100000,cube,181
3950,100000,cube,168
3951,100000,cube,156
3952,100000,cube,191
3953,100000,cube,181
3954,100000,cube,206
3955,100000,cube,207
3956,100000,cube,198
3957,100000,cube,179
3958,100000,cube,197
3959,100000,cube,171
3960,100000,cube,203
3961,100000,cube,189
3962,100000,cube,207
3963,100000,cube,188
3964,100000,cube,198
3965,100000,cube,204
3966,100000,cube,192
3967,100000,cube,203
3968,100000,cube,213
3969,100000,cube,222
3970,100000,cube,216
3971,100000,cube,205
3972,100000,cube,207
3973,100000,cube,188
3974,100000,cube,210
3975,100000,cube,215
3976,100000,cube,196
3977,100000,cube,196
3978,100000,cube,200
3979,100000,cube,185
3980,100000,cube,198
3981,100000,cube,225
3982,100000,cube,189
3983,100000,cube,229
3984,100000,cube,195
3985,100000,cube,226
3986,100000,cube,177
3987,100000,cube,201
3988,100000,cube,214
3989,100000,cube,201
3990,100000,cube,209
3991,100000,cube,208
3992,100000,cube,206
3993,100000,cube,211
3994,100000,cube,184
3995,100000,cube,204
3996,100000,cube,175
3997,100000,cube,187
3998,100000,cube,195
3999,100000,cube,180
4000,100000,cube,182
